Workbook
Name aa: INDIRECT('sc chem'!$A$22)
Name aab: INDIRECT('sc chem'!$A$23)
Name aac: INDIRECT('sc chem'!$A$25)
Name aad: INDIRECT('sc chem'!$A$26)
Name aae: INDIRECT('sc chem'!$A$27)
Name aaf: INDIRECT('sc chem'!$A$28)
Name aag: INDIRECT('sc chem'!$A$29)
Name aah: INDIRECT('sc chem'!$A$30)
Name aai: INDIRECT('sc chem'!$A$31)
Name aaj: INDIRECT('sc chem'!$A$32)
Name aak: INDIRECT('sc chem'!$A$33)
Name aal: INDIRECT('sc chem'!$A$35)
Name aam: INDIRECT('sc chem'!$A$36)
Name aan: INDIRECT('sc chem'!$A$37)
Name aao: INDIRECT('sc chem'!$A$38)
Name aap: INDIRECT('sc chem'!$A$39)
Name aaq: INDIRECT('sc chem'!$A$40)
Name aar: INDIRECT('sc chem'!$A$41)
Name aas: INDIRECT('sc chem'!$A$42)
Name aat: INDIRECT('sc chem'!$A$43)
Name aau: INDIRECT('sc chem'!$A$45)
Name aav: INDIRECT('sc chem'!$A$46)
Name aaw: INDIRECT('sc chem'!$A$47)
Name aax: INDIRECT('sc chem'!$A$48)
Name aay: INDIRECT('sc chem'!$A$49)
Name aaz: INDIRECT('sc chem'!$A$50)
Name aba: INDIRECT('sc chem'!$A$51)
Name abb: INDIRECT('sc chem'!$A$52)
Name abc: INDIRECT('sc chem'!$A$53)
Name abd: INDIRECT('sc chem'!$A$55)
Name abe: INDIRECT('sc chem'!$A$56)
Name abf: INDIRECT('sc chem'!$A$57)
Name abg: INDIRECT('sc chem'!$A$58)
Name abh: INDIRECT('sc chem'!$A$59)
Name abi: INDIRECT('sc chem'!$A$60)
Name abj: INDIRECT('sc chem'!$A$61)
Name abk: INDIRECT('sc chem'!$A$62)
Name abl: INDIRECT('sc chem'!$A$63)
Name abm: INDIRECT('sc chem'!$A$65)
Name abn: INDIRECT('sc chem'!$A$66)
Name abo: INDIRECT('sc chem'!$A$67)
Name abp: INDIRECT('sc chem'!$A$68)
Name abq: INDIRECT('sc chem'!$A$69)
Name abr: INDIRECT('sc chem'!$A$70)
Name abt: INDIRECT('sc chem'!$A$71)
Name abu: INDIRECT('sc chem'!$A$72)
Name abv: INDIRECT('sc chem'!$A$73)
Name abw: INDIRECT('sc chem'!$A$75)
Name abx: INDIRECT('sc chem'!$A$76)
Name aby: INDIRECT('sc chem'!$A$77)
Name abz: INDIRECT('sc chem'!$A$78)
Name ac: INDIRECT('sc chem'!$A$16)
Name aca: INDIRECT('sc chem'!$A$79)
Name acb: INDIRECT('sc chem'!$A$81)
Name acc: INDIRECT('sc chem'!$A$82)
Name acd: INDIRECT('sc chem'!$A$83)
Name ace: INDIRECT('sc chem'!$A$84)
Name acf: INDIRECT('sc chem'!$A$80)
Name achievements: INDIRECT('sc chem'!$A$15)
Name ACHIEVES: INDIRECT('[1]3A chem '!$B$14)

Sheet control
E2: x
E3: star
E4: ticket
E5: goldenticket
E6: diamondgem

Sheet sc chem
C2: PROGRESS DASHBOARD
F3: Summary
B6: Column1 | C6: Column2 | D6: Column3 | E6: Column4
N9: data set
P10: 0.9 | Q10: =IF(K8>=P10,K8," ")
J11: MARK TO GET | K11: ACTUAL | L11: VARIANCE | P11: 0.45 | Q11: =IF(AND(M15<P10,M15>=P11),M15," ")
C12: leaderboard DASHBOARD | I12: MARK TO GET | P12: 0.1
B13: PERCENT COMPLETION | C13: NAMES | D13: current bagde | E13: RANK | F13: ACHIEVED | G13: PROGRESS | I13: MARK OBTAIN | P13: rmder
C14: TEAM ALPHA | E14: =IF(AVERAGE(E15,E16,E17,E18,E19,E20,E21,E22,E23)>5,1000,IF(AVERAGE(E15,E16,E17,E18,E19,E20,E21,E22,E23)>4,500,IF(AVERAGE(E15,E16,E17,E18,E19,E20,E21,E22,E23)>3,300,IF(AVERAGE(E15,E16,E17,E18,E19,E20,E21,E22,E23)>2,150,IF(AVERAGE(E15,E16,E17,E18,E19,E20,E21,E22,E23)=2,50,0))))) -> 0 | F14: ='RAW SCORE'!D3 -> 0
A15: =IF(MonthlyExpenses69[[#This Row],[RANK]]<3,"x",IF(MonthlyExpenses69[[#This Row],[RANK]]=3,"star",IF(MonthlyExpenses69[[#This Row],[RANK]]=4,"ticket",IF(MonthlyExpenses69[[#This Row],[RANK]]=5,"goldenticket",IF(MonthlyExpenses69[[#This Row],[RANK]]=6,"diamondgem",))))) -> x | E15: =IF(F15>2999,6,IF(F15 >1499,5,IF(F15>799,4,IF(F15>399,3,IF(F15>99,2,1))))) -> 1 | F15: ='RAW SCORE'!D4 -> 0 | G15: =REPT("|",K15/I15*100)&TEXT(K15/I15,"0%") -> 0% | I15: =IF(J15>2999,J15-1500,IF(J15>1499,J15-800,IF(J15>799,J15-400,IF(J15>399,J15-100,100)))) -> 100 | J15: =N15 -> 100 | K15: =IF(F15>2999,F15-3000,IF(F15>1499,F15-1500,IF(F15>799,F15-800,IF(F15>399,F15-400,IF(F15>99,F15-100,F15))))) -> 0 | L15: =(K15/I15)*100 -> 0 | M15: =(K15/I15)*1 -> 0 | N15: =IF(E15>5,5000,IF(E15 >4,3000,IF(E15>3,1500,IF(E15>2,800,IF(E15>1,400,100))))) -> 100 | O15: =IF(M15>=$P$10,M15," ") | P15: =IF(AND(M15<$P$10,M15>=$P$11),M15," ") | Q15: =IF(M15<$P$11,M15," ") -> 0 | R15: =MAX(1,M15)-M15 -> 1
A16: =IF(MonthlyExpenses69[[#This Row],[RANK]]<3,"x",IF(MonthlyExpenses69[[#This Row],[RANK]]=3,"star",IF(MonthlyExpenses69[[#This Row],[RANK]]=4,"ticket",IF(MonthlyExpenses69[[#This Row],[RANK]]=5,"goldenticket",IF(MonthlyExpenses69[[#This Row],[RANK]]=6,"diamondgem",))))) -> x | E16: =IF(F16>2999,6,IF(F16 >1499,5,IF(F16>799,4,IF(F16>399,3,IF(F16>99,2,1))))) -> 1 | F16: ='RAW SCORE'!D5 -> 0 | G16: =REPT("|",K16/I16*100)&TEXT(K16/I16,"0%") -> 0% | I16: =IF(J16>2999,J16-1500,IF(J16>1499,J16-800,IF(J16>799,J16-400,IF(J16>399,J16-100,100)))) -> 100 | J16: =N16 -> 100 | K16: =IF(F16>2999,F16-3000,IF(F16>1499,F16-1500,IF(F16>799,F16-800,IF(F16>399,F16-400,IF(F16>99,F16-100,F16))))) -> 0 | L16: =(K16/I16)*100 -> 0 | M16: =(K16/I16)*1 -> 0 | N16: =IF(E16>5,5000,IF(E16 >4,3000,IF(E16>3,1500,IF(E16>2,800,IF(E16>1,400,100))))) -> 100 | O16: =IF(M16>=$P$10,M16," ") | P16: =IF(AND(M16<$P$10,M16>=$P$11),M16," ") | Q16: =IF(M16<$P$11,M16," ") -> 0 | R16: =MAX(1,M16)-M16 -> 1
A17: =IF(MonthlyExpenses69[[#This Row],[RANK]]<3,"x",IF(MonthlyExpenses69[[#This Row],[RANK]]=3,"star",IF(MonthlyExpenses69[[#This Row],[RANK]]=4,"ticket",IF(MonthlyExpenses69[[#This Row],[RANK]]=5,"goldenticket",IF(MonthlyExpenses69[[#This Row],[RANK]]=6,"diamondgem",))))) -> x | E17: =IF(F17>2999,6,IF(F17 >1499,5,IF(F17>799,4,IF(F17>399,3,IF(F17>99,2,1))))) -> 1 | F17: ='RAW SCORE'!D6 -> 0 | G17: =REPT("|",K17/I17*100)&TEXT(K17/I17,"0%") -> 0% | I17: =IF(J17>2999,J17-1500,IF(J17>1499,J17-800,IF(J17>799,J17-400,IF(J17>399,J17-100,100)))) -> 100 | J17: =N17 -> 100 | K17: =IF(F17>2999,F17-3000,IF(F17>1499,F17-1500,IF(F17>799,F17-800,IF(F17>399,F17-400,IF(F17>99,F17-100,F17))))) -> 0 | L17: =(K17/I17)*100 -> 0 | M17: =(K17/I17)*1 -> 0 | N17: =IF(E17>5,5000,IF(E17 >4,3000,IF(E17>3,1500,IF(E17>2,800,IF(E17>1,400,100))))) -> 100 | O17: =IF(M17>=$P$10,M17," ") | P17: =IF(AND(M17<$P$10,M17>=$P$11),M17," ") | Q17: =IF(M17<$P$11,M17," ") -> 0 | R17: =MAX(1,M17)-M17 -> 1
A18: =IF(MonthlyExpenses69[[#This Row],[RANK]]<3,"x",IF(MonthlyExpenses69[[#This Row],[RANK]]=3,"star",IF(MonthlyExpenses69[[#This Row],[RANK]]=4,"ticket",IF(MonthlyExpenses69[[#This Row],[RANK]]=5,"goldenticket",IF(MonthlyExpenses69[[#This Row],[RANK]]=6,"diamondgem",))))) -> x | E18: =IF(F18>2999,6,IF(F18 >1499,5,IF(F18>799,4,IF(F18>399,3,IF(F18>99,2,1))))) -> 1 | F18: ='RAW SCORE'!D7 -> 0 | G18: =REPT("|",K18/I18*100)&TEXT(K18/I18,"0%") -> 0% | I18: =IF(J18>2999,J18-1500,IF(J18>1499,J18-800,IF(J18>799,J18-400,IF(J18>399,J18-100,100)))) -> 100 | J18: =N18 -> 100 | K18: =IF(F18>2999,F18-3000,IF(F18>1499,F18-1500,IF(F18>799,F18-800,IF(F18>399,F18-400,IF(F18>99,F18-100,F18))))) -> 0 | L18: =(K18/I18)*100 -> 0 | M18: =(K18/I18)*1 -> 0 | N18: =IF(E18>5,5000,IF(E18 >4,3000,IF(E18>3,1500,IF(E18>2,800,IF(E18>1,400,100))))) -> 100 | O18: =IF(M18>=$P$10,M18," ") | P18: =IF(AND(M18<$P$10,M18>=$P$11),M18," ") | Q18: =IF(M18<$P$11,M18," ") -> 0 | R18: =MAX(1,M18)-M18 -> 1
A19: =IF(MonthlyExpenses69[[#This Row],[RANK]]<3,"x",IF(MonthlyExpenses69[[#This Row],[RANK]]=3,"star",IF(MonthlyExpenses69[[#This Row],[RANK]]=4,"ticket",IF(MonthlyExpenses69[[#This Row],[RANK]]=5,"goldenticket",IF(MonthlyExpenses69[[#This Row],[RANK]]=6,"diamondgem",))))) -> x | E19: =IF(F19>2999,6,IF(F19 >1499,5,IF(F19>799,4,IF(F19>399,3,IF(F19>99,2,1))))) -> 1 | F19: ='RAW SCORE'!D8 -> 0 | G19: =REPT("|",K19/I19*100)&TEXT(K19/I19,"0%") -> 0% | I19: =IF(J19>2999,J19-1500,IF(J19>1499,J19-800,IF(J19>799,J19-400,IF(J19>399,J19-100,100)))) -> 100 | J19: =N19 -> 100 | K19: =IF(F19>2999,F19-3000,IF(F19>1499,F19-1500,IF(F19>799,F19-800,IF(F19>399,F19-400,IF(F19>99,F19-100,F19))))) -> 0 | L19: =(K19/I19)*100 -> 0 | M19: =(K19/I19)*1 -> 0 | N19: =IF(E19>5,5000,IF(E19 >4,3000,IF(E19>3,1500,IF(E19>2,800,IF(E19>1,400,100))))) -> 100 | O19: =IF(M19>=$P$10,M19," ") | P19: =IF(AND(M19<$P$10,M19>=$P$11),M19," ") | Q19: =IF(M19<$P$11,M19," ") -> 0 | R19: =MAX(1,M19)-M19 -> 1
A20: =IF(MonthlyExpenses69[[#This Row],[RANK]]<3,"x",IF(MonthlyExpenses69[[#This Row],[RANK]]=3,"star",IF(MonthlyExpenses69[[#This Row],[RANK]]=4,"ticket",IF(MonthlyExpenses69[[#This Row],[RANK]]=5,"goldenticket",IF(MonthlyExpenses69[[#This Row],[RANK]]=6,"diamondgem",))))) -> x | E20: =IF(F20>2999,6,IF(F20 >1499,5,IF(F20>799,4,IF(F20>399,3,IF(F20>99,2,1))))) -> 1 | F20: ='RAW SCORE'!D9 -> 0 | G20: =REPT("|",K20/I20*100)&TEXT(K20/I20,"0%") -> 0% | I20: =IF(J20>2999,J20-1500,IF(J20>1499,J20-800,IF(J20>799,J20-400,IF(J20>399,J20-100,100)))) -> 100 | J20: =N20 -> 100 | K20: =IF(F20>2999,F20-3000,IF(F20>1499,F20-1500,IF(F20>799,F20-800,IF(F20>399,F20-400,IF(F20>99,F20-100,F20))))) -> 0 | L20: =(K20/I20)*100 -> 0 | M20: =(K20/I20)*1 -> 0 | N20: =IF(E20>5,5000,IF(E20 >4,3000,IF(E20>3,1500,IF(E20>2,800,IF(E20>1,400,100))))) -> 100 | O20: =IF(M20>=$P$10,M20," ") | P20: =IF(AND(M20<$P$10,M20>=$P$11),M20," ") | Q20: =IF(M20<$P$11,M20," ") -> 0 | R20: =MAX(1,M20)-M20 -> 1
A21: =IF(MonthlyExpenses69[[#This Row],[RANK]]<3,"x",IF(MonthlyExpenses69[[#This Row],[RANK]]=3,"star",IF(MonthlyExpenses69[[#This Row],[RANK]]=4,"ticket",IF(MonthlyExpenses69[[#This Row],[RANK]]=5,"goldenticket",IF(MonthlyExpenses69[[#This Row],[RANK]]=6,"diamondgem",))))) -> x | E21: =IF(F21>2999,6,IF(F21 >1499,5,IF(F21>799,4,IF(F21>399,3,IF(F21>99,2,1))))) -> 1 | F21: ='RAW SCORE'!D10 -> 0 | G21: =REPT("|",K21/I21*100)&TEXT(K21/I21,"0%") -> 0% | I21: =IF(J21>2999,J21-1500,IF(J21>1499,J21-800,IF(J21>799,J21-400,IF(J21>399,J21-100,100)))) -> 100 | J21: =N21 -> 100 | K21: =IF(F21>2999,F21-3000,IF(F21>1499,F21-1500,IF(F21>799,F21-800,IF(F21>399,F21-400,IF(F21>99,F21-100,F21))))) -> 0 | L21: =(K21/I21)*100 -> 0 | M21: =(K21/I21)*1 -> 0 | N21: =IF(E21>5,5000,IF(E21 >4,3000,IF(E21>3,1500,IF(E21>2,800,IF(E21>1,400,100))))) -> 100 | O21: =IF(M21>=$P$10,M21," ") | P21: =IF(AND(M21<$P$10,M21>=$P$11),M21," ") | Q21: =IF(M21<$P$11,M21," ") -> 0 | R21: =MAX(1,M21)-M21 -> 1
A22: =IF(MonthlyExpenses69[[#This Row],[RANK]]<3,"x",IF(MonthlyExpenses69[[#This Row],[RANK]]=3,"star",IF(MonthlyExpenses69[[#This Row],[RANK]]=4,"ticket",IF(MonthlyExpenses69[[#This Row],[RANK]]=5,"goldenticket",IF(MonthlyExpenses69[[#This Row],[RANK]]=6,"diamondgem",))))) -> x | E22: =IF(F22>2999,6,IF(F22 >1499,5,IF(F22>799,4,IF(F22>399,3,IF(F22>99,2,1))))) -> 1 | F22: ='RAW SCORE'!D11 -> 0 | G22: =REPT("|",K22/I22*100)&TEXT(K22/I22,"0%") -> 0% | I22: =IF(J22>2999,J22-1500,IF(J22>1499,J22-800,IF(J22>799,J22-400,IF(J22>399,J22-100,100)))) -> 100 | J22: =N22 -> 100 | K22: =IF(F22>2999,F22-3000,IF(F22>1499,F22-1500,IF(F22>799,F22-800,IF(F22>399,F22-400,IF(F22>99,F22-100,F22))))) -> 0 | L22: =(K22/I22)*100 -> 0 | M22: =(K22/I22)*1 -> 0 | N22: =IF(E22>5,5000,IF(E22 >4,3000,IF(E22>3,1500,IF(E22>2,800,IF(E22>1,400,100))))) -> 100 | O22: =IF(M22>=$P$10,M22," ") | P22: =IF(AND(M22<$P$10,M22>=$P$11),M22," ") | Q22: =IF(M22<$P$11,M22," ") -> 0 | R22: =MAX(1,M22)-M22 -> 1
A23: =IF(MonthlyExpenses69[[#This Row],[RANK]]<3,"x",IF(MonthlyExpenses69[[#This Row],[RANK]]=3,"star",IF(MonthlyExpenses69[[#This Row],[RANK]]=4,"ticket",IF(MonthlyExpenses69[[#This Row],[RANK]]=5,"goldenticket",IF(MonthlyExpenses69[[#This Row],[RANK]]=6,"diamondgem",))))) -> x | E23: =IF(F23>2999,6,IF(F23 >1499,5,IF(F23>799,4,IF(F23>399,3,IF(F23>99,2,1))))) -> 1 | F23: ='RAW SCORE'!D12 -> 0 | G23: =REPT("|",K23/I23*100)&TEXT(K23/I23,"0%") -> 0% | I23: =IF(J23>2999,J23-1500,IF(J23>1499,J23-800,IF(J23>799,J23-400,IF(J23>399,J23-100,100)))) -> 100 | J23: =N23 -> 100 | K23: =IF(F23>2999,F23-3000,IF(F23>1499,F23-1500,IF(F23>799,F23-800,IF(F23>399,F23-400,IF(F23>99,F23-100,F23))))) -> 0 | L23: =(K23/I23)*100 -> 0 | M23: =(K23/I23)*1 -> 0 | N23: =IF(E23>5,5000,IF(E23 >4,3000,IF(E23>3,1500,IF(E23>2,800,IF(E23>1,400,100))))) -> 100 | O23: =IF(M23>=$P$10,M23," ") | P23: =IF(AND(M23<$P$10,M23>=$P$11),M23," ") | Q23: =IF(M23<$P$11,M23," ") -> 0 | R23: =MAX(1,M23)-M23 -> 1
C24: TEAM BETA | E24: =IF(AVERAGE(E25,E26,E27,E28,E29,E30,E31,E32,E33)>5,1000,IF(AVERAGE(E25,E26,E27,E28,E29,E30,E31,E32,E33)>4,500,IF(AVERAGE(E25,E26,E27,E28,E29,E30,E31,E32,E33)>3,300,IF(AVERAGE(E25,E26,E27,E28,E29,E30,E31,E32,E33)>2,150,IF(AVERAGE(E25,E26,E27,E28,E29,E30,E31,E32,E33)=2,50,0))))) -> 0 | F24: ='RAW SCORE'!D13 -> 0
A25: =IF(MonthlyExpenses69[[#This Row],[RANK]]<3,"x",IF(MonthlyExpenses69[[#This Row],[RANK]]=3,"star",IF(MonthlyExpenses69[[#This Row],[RANK]]=4,"ticket",IF(MonthlyExpenses69[[#This Row],[RANK]]=5,"goldenticket",IF(MonthlyExpenses69[[#This Row],[RANK]]=6,"diamondgem",))))) -> x | E25: =IF(F25>2999,6,IF(F25 >1499,5,IF(F25>799,4,IF(F25>399,3,IF(F25>99,2,1))))) -> 1 | F25: ='RAW SCORE'!D14 -> 0 | G25: =REPT("|",K25/I25*100)&TEXT(K25/I25,"0%") -> 0% | I25: =IF(J25>2999,J25-1500,IF(J25>1499,J25-800,IF(J25>799,J25-400,IF(J25>399,J25-100,100)))) -> 100 | J25: =N25 -> 100 | K25: =IF(F25>2999,F25-3000,IF(F25>1499,F25-1500,IF(F25>799,F25-800,IF(F25>399,F25-400,IF(F25>99,F25-100,F25))))) -> 0 | L25: =(K25/I25)*100 -> 0 | M25: =(K25/I25)*1 -> 0 | N25: =IF(E25>5,5000,IF(E25 >4,3000,IF(E25>3,1500,IF(E25>2,800,IF(E25>1,400,100))))) -> 100 | O25: =IF(M25>=$P$10,M25," ") | P25: =IF(AND(M25<$P$10,M25>=$P$11),M25," ") | Q25: =IF(M25<$P$11,M25," ") -> 0 | R25: =MAX(1,M25)-M25 -> 1
A26: =IF(MonthlyExpenses69[[#This Row],[RANK]]<3,"x",IF(MonthlyExpenses69[[#This Row],[RANK]]=3,"star",IF(MonthlyExpenses69[[#This Row],[RANK]]=4,"ticket",IF(MonthlyExpenses69[[#This Row],[RANK]]=5,"goldenticket",IF(MonthlyExpenses69[[#This Row],[RANK]]=6,"diamondgem",))))) -> x | E26: =IF(F26>2999,6,IF(F26 >1499,5,IF(F26>799,4,IF(F26>399,3,IF(F26>99,2,1))))) -> 1 | F26: ='RAW SCORE'!D15 -> 0 | G26: =REPT("|",K26/I26*100)&TEXT(K26/I26,"0%") -> 0% | I26: =IF(J26>2999,J26-1500,IF(J26>1499,J26-800,IF(J26>799,J26-400,IF(J26>399,J26-100,100)))) -> 100 | J26: =N26 -> 100 | K26: =IF(F26>2999,F26-3000,IF(F26>1499,F26-1500,IF(F26>799,F26-800,IF(F26>399,F26-400,IF(F26>99,F26-100,F26))))) -> 0 | L26: =(K26/I26)*100 -> 0 | M26: =(K26/I26)*1 -> 0 | N26: =IF(E26>5,5000,IF(E26 >4,3000,IF(E26>3,1500,IF(E26>2,800,IF(E26>1,400,100))))) -> 100 | O26: =IF(M26>=$P$10,M26," ") | P26: =IF(AND(M26<$P$10,M26>=$P$11),M26," ") | Q26: =IF(M26<$P$11,M26," ") -> 0 | R26: =MAX(1,M26)-M26 -> 1
A27: =IF(MonthlyExpenses69[[#This Row],[RANK]]<3,"x",IF(MonthlyExpenses69[[#This Row],[RANK]]=3,"star",IF(MonthlyExpenses69[[#This Row],[RANK]]=4,"ticket",IF(MonthlyExpenses69[[#This Row],[RANK]]=5,"goldenticket",IF(MonthlyExpenses69[[#This Row],[RANK]]=6,"diamondgem",))))) -> x | E27: =IF(F27>2999,6,IF(F27 >1499,5,IF(F27>799,4,IF(F27>399,3,IF(F27>99,2,1))))) -> 1 | F27: ='RAW SCORE'!D16 -> 0 | G27: =REPT("|",K27/I27*100)&TEXT(K27/I27,"0%") -> 0% | I27: =IF(J27>2999,J27-1500,IF(J27>1499,J27-800,IF(J27>799,J27-400,IF(J27>399,J27-100,100)))) -> 100 | J27: =N27 -> 100 | K27: =IF(F27>2999,F27-3000,IF(F27>1499,F27-1500,IF(F27>799,F27-800,IF(F27>399,F27-400,IF(F27>99,F27-100,F27))))) -> 0 | L27: =(K27/I27)*100 -> 0 | M27: =(K27/I27)*1 -> 0 | N27: =IF(E27>5,5000,IF(E27 >4,3000,IF(E27>3,1500,IF(E27>2,800,IF(E27>1,400,100))))) -> 100 | O27: =IF(M27>=$P$10,M27," ") | P27: =IF(AND(M27<$P$10,M27>=$P$11),M27," ") | Q27: =IF(M27<$P$11,M27," ") -> 0 | R27: =MAX(1,M27)-M27 -> 1
A28: =IF(MonthlyExpenses69[[#This Row],[RANK]]<3,"x",IF(MonthlyExpenses69[[#This Row],[RANK]]=3,"star",IF(MonthlyExpenses69[[#This Row],[RANK]]=4,"ticket",IF(MonthlyExpenses69[[#This Row],[RANK]]=5,"goldenticket",IF(MonthlyExpenses69[[#This Row],[RANK]]=6,"diamondgem",))))) -> x | E28: =IF(F28>2999,6,IF(F28 >1499,5,IF(F28>799,4,IF(F28>399,3,IF(F28>99,2,1))))) -> 1 | F28: ='RAW SCORE'!D17 -> 0 | G28: =REPT("|",K28/I28*100)&TEXT(K28/I28,"0%") -> 0% | I28: =IF(J28>2999,J28-1500,IF(J28>1499,J28-800,IF(J28>799,J28-400,IF(J28>399,J28-100,100)))) -> 100 | J28: =N28 -> 100 | K28: =IF(F28>2999,F28-3000,IF(F28>1499,F28-1500,IF(F28>799,F28-800,IF(F28>399,F28-400,IF(F28>99,F28-100,F28))))) -> 0 | L28: =(K28/I28)*100 -> 0 | M28: =(K28/I28)*1 -> 0 | N28: =IF(E28>5,5000,IF(E28 >4,3000,IF(E28>3,1500,IF(E28>2,800,IF(E28>1,400,100))))) -> 100 | O28: =IF(M28>=$P$10,M28," ") | P28: =IF(AND(M28<$P$10,M28>=$P$11),M28," ") | Q28: =IF(M28<$P$11,M28," ") -> 0 | R28: =MAX(1,M28)-M28 -> 1
A29: =IF(MonthlyExpenses69[[#This Row],[RANK]]<3,"x",IF(MonthlyExpenses69[[#This Row],[RANK]]=3,"star",IF(MonthlyExpenses69[[#This Row],[RANK]]=4,"ticket",IF(MonthlyExpenses69[[#This Row],[RANK]]=5,"goldenticket",IF(MonthlyExpenses69[[#This Row],[RANK]]=6,"diamondgem",))))) -> x | E29: =IF(F29>2999,6,IF(F29 >1499,5,IF(F29>799,4,IF(F29>399,3,IF(F29>99,2,1))))) -> 1 | F29: ='RAW SCORE'!D18 -> 0 | G29: =REPT("|",K29/I29*100)&TEXT(K29/I29,"0%") -> 0% | I29: =IF(J29>2999,J29-1500,IF(J29>1499,J29-800,IF(J29>799,J29-400,IF(J29>399,J29-100,100)))) -> 100 | J29: =N29 -> 100 | K29: =IF(F29>2999,F29-3000,IF(F29>1499,F29-1500,IF(F29>799,F29-800,IF(F29>399,F29-400,IF(F29>99,F29-100,F29))))) -> 0 | L29: =(K29/I29)*100 -> 0 | M29: =(K29/I29)*1 -> 0 | N29: =IF(E29>5,5000,IF(E29 >4,3000,IF(E29>3,1500,IF(E29>2,800,IF(E29>1,400,100))))) -> 100 | O29: =IF(M29>=$P$10,M29," ") | P29: =IF(AND(M29<$P$10,M29>=$P$11),M29," ") | Q29: =IF(M29<$P$11,M29," ") -> 0 | R29: =MAX(1,M29)-M29 -> 1
A30: =IF(MonthlyExpenses69[[#This Row],[RANK]]<3,"x",IF(MonthlyExpenses69[[#This Row],[RANK]]=3,"star",IF(MonthlyExpenses69[[#This Row],[RANK]]=4,"ticket",IF(MonthlyExpenses69[[#This Row],[RANK]]=5,"goldenticket",IF(MonthlyExpenses69[[#This Row],[RANK]]=6,"diamondgem",))))) -> x | E30: =IF(F30>2999,6,IF(F30 >1499,5,IF(F30>799,4,IF(F30>399,3,IF(F30>99,2,1))))) -> 1 | F30: ='RAW SCORE'!D19 -> 0 | G30: =REPT("|",K30/I30*100)&TEXT(K30/I30,"0%") -> 0% | I30: =IF(J30>2999,J30-1500,IF(J30>1499,J30-800,IF(J30>799,J30-400,IF(J30>399,J30-100,100)))) -> 100 | J30: =N30 -> 100 | K30: =IF(F30>2999,F30-3000,IF(F30>1499,F30-1500,IF(F30>799,F30-800,IF(F30>399,F30-400,IF(F30>99,F30-100,F30))))) -> 0 | L30: =(K30/I30)*100 -> 0 | M30: =(K30/I30)*1 -> 0 | N30: =IF(E30>5,5000,IF(E30 >4,3000,IF(E30>3,1500,IF(E30>2,800,IF(E30>1,400,100))))) -> 100 | O30: =IF(M30>=$P$10,M30," ") | P30: =IF(AND(M30<$P$10,M30>=$P$11),M30," ") | Q30: =IF(M30<$P$11,M30," ") -> 0 | R30: =MAX(1,M30)-M30 -> 1
A31: =IF(MonthlyExpenses69[[#This Row],[RANK]]<3,"x",IF(MonthlyExpenses69[[#This Row],[RANK]]=3,"star",IF(MonthlyExpenses69[[#This Row],[RANK]]=4,"ticket",IF(MonthlyExpenses69[[#This Row],[RANK]]=5,"goldenticket",IF(MonthlyExpenses69[[#This Row],[RANK]]=6,"diamondgem",))))) -> x | E31: =IF(F31>2999,6,IF(F31 >1499,5,IF(F31>799,4,IF(F31>399,3,IF(F31>99,2,1))))) -> 1 | F31: ='RAW SCORE'!D20 -> 0 | G31: =REPT("|",K31/I31*100)&TEXT(K31/I31,"0%") -> 0% | I31: =IF(J31>2999,J31-1500,IF(J31>1499,J31-800,IF(J31>799,J31-400,IF(J31>399,J31-100,100)))) -> 100 | J31: =N31 -> 100 | K31: =IF(F31>2999,F31-3000,IF(F31>1499,F31-1500,IF(F31>799,F31-800,IF(F31>399,F31-400,IF(F31>99,F31-100,F31))))) -> 0 | L31: =(K31/I31)*100 -> 0 | M31: =(K31/I31)*1 -> 0 | N31: =IF(E31>5,5000,IF(E31 >4,3000,IF(E31>3,1500,IF(E31>2,800,IF(E31>1,400,100))))) -> 100 | O31: =IF(M31>=$P$10,M31," ") | P31: =IF(AND(M31<$P$10,M31>=$P$11),M31," ") | Q31: =IF(M31<$P$11,M31," ") -> 0 | R31: =MAX(1,M31)-M31 -> 1
A32: =IF(MonthlyExpenses69[[#This Row],[RANK]]<3,"x",IF(MonthlyExpenses69[[#This Row],[RANK]]=3,"star",IF(MonthlyExpenses69[[#This Row],[RANK]]=4,"ticket",IF(MonthlyExpenses69[[#This Row],[RANK]]=5,"goldenticket",IF(MonthlyExpenses69[[#This Row],[RANK]]=6,"diamondgem",))))) -> x | E32: =IF(F32>2999,6,IF(F32 >1499,5,IF(F32>799,4,IF(F32>399,3,IF(F32>99,2,1))))) -> 1 | F32: ='RAW SCORE'!D21 -> 0 | G32: =REPT("|",K32/I32*100)&TEXT(K32/I32,"0%") -> 0% | I32: =IF(J32>2999,J32-1500,IF(J32>1499,J32-800,IF(J32>799,J32-400,IF(J32>399,J32-100,100)))) -> 100 | J32: =N32 -> 100 | K32: =IF(F32>2999,F32-3000,IF(F32>1499,F32-1500,IF(F32>799,F32-800,IF(F32>399,F32-400,IF(F32>99,F32-100,F32))))) -> 0 | L32: =(K32/I32)*100 -> 0 | M32: =(K32/I32)*1 -> 0 | N32: =IF(E32>5,5000,IF(E32 >4,3000,IF(E32>3,1500,IF(E32>2,800,IF(E32>1,400,100))))) -> 100 | O32: =IF(M32>=$P$10,M32," ") | P32: =IF(AND(M32<$P$10,M32>=$P$11),M32," ") | Q32: =IF(M32<$P$11,M32," ") -> 0 | R32: =MAX(1,M32)-M32 -> 1
A33: =IF(MonthlyExpenses69[[#This Row],[RANK]]<3,"x",IF(MonthlyExpenses69[[#This Row],[RANK]]=3,"star",IF(MonthlyExpenses69[[#This Row],[RANK]]=4,"ticket",IF(MonthlyExpenses69[[#This Row],[RANK]]=5,"goldenticket",IF(MonthlyExpenses69[[#This Row],[RANK]]=6,"diamondgem",))))) -> x | E33: =IF(F33>2999,6,IF(F33 >1499,5,IF(F33>799,4,IF(F33>399,3,IF(F33>99,2,1))))) -> 1 | F33: ='RAW SCORE'!D22 -> 0 | G33: =REPT("|",K33/I33*100)&TEXT(K33/I33,"0%") -> 0% | I33: =IF(J33>2999,J33-1500,IF(J33>1499,J33-800,IF(J33>799,J33-400,IF(J33>399,J33-100,100)))) -> 100 | J33: =N33 -> 100 | K33: =IF(F33>2999,F33-3000,IF(F33>1499,F33-1500,IF(F33>799,F33-800,IF(F33>399,F33-400,IF(F33>99,F33-100,F33))))) -> 0 | L33: =(K33/I33)*100 -> 0 | M33: =(K33/I33)*1 -> 0 | N33: =IF(E33>5,5000,IF(E33 >4,3000,IF(E33>3,1500,IF(E33>2,800,IF(E33>1,400,100))))) -> 100 | O33: =IF(M33>=$P$10,M33," ") | P33: =IF(AND(M33<$P$10,M33>=$P$11),M33," ") | Q33: =IF(M33<$P$11,M33," ") -> 0 | R33: =MAX(1,M33)-M33 -> 1
C34: TEAM GAMMA | E34: =IF(AVERAGE(E35,E36,E37,E38,E39,E40,E41,E42,E43)>5,1000,IF(AVERAGE(E35,E36,E37,E38,E39,E40,E41,E42,E43)>4,500,IF(AVERAGE(E35,E36,E37,E38,E39,E40,E41,E42,E43)>3,300,IF(AVERAGE(E35,E36,E37,E38,E39,E40,E41,E42,E43)>2,150,IF(AVERAGE(E35,E36,E37,E38,E39,E40,E41,E42,E43)=2,50,0))))) -> 0 | F34: ='RAW SCORE'!D23 -> 0
A35: =IF(MonthlyExpenses69[[#This Row],[RANK]]<3,"x",IF(MonthlyExpenses69[[#This Row],[RANK]]=3,"star",IF(MonthlyExpenses69[[#This Row],[RANK]]=4,"ticket",IF(MonthlyExpenses69[[#This Row],[RANK]]=5,"goldenticket",IF(MonthlyExpenses69[[#This Row],[RANK]]=6,"diamondgem",))))) -> x | E35: =IF(F35>2999,6,IF(F35 >1499,5,IF(F35>799,4,IF(F35>399,3,IF(F35>99,2,1))))) -> 1 | F35: ='RAW SCORE'!D24 -> 0 | G35: =REPT("|",K35/I35*100)&TEXT(K35/I35,"0%") -> 0% | I35: =IF(J35>2999,J35-1500,IF(J35>1499,J35-800,IF(J35>799,J35-400,IF(J35>399,J35-100,100)))) -> 100 | J35: =N35 -> 100 | K35: =IF(F35>2999,F35-3000,IF(F35>1499,F35-1500,IF(F35>799,F35-800,IF(F35>399,F35-400,IF(F35>99,F35-100,F35))))) -> 0 | L35: =(K35/I35)*100 -> 0 | M35: =(K35/I35)*1 -> 0 | N35: =IF(E35>5,5000,IF(E35 >4,3000,IF(E35>3,1500,IF(E35>2,800,IF(E35>1,400,100))))) -> 100 | O35: =IF(M35>=$P$10,M35," ") | P35: =IF(AND(M35<$P$10,M35>=$P$11),M35," ") | Q35: =IF(M35<$P$11,M35," ") -> 0 | R35: =MAX(1,M35)-M35 -> 1
A36: =IF(MonthlyExpenses69[[#This Row],[RANK]]<3,"x",IF(MonthlyExpenses69[[#This Row],[RANK]]=3,"star",IF(MonthlyExpenses69[[#This Row],[RANK]]=4,"ticket",IF(MonthlyExpenses69[[#This Row],[RANK]]=5,"goldenticket",IF(MonthlyExpenses69[[#This Row],[RANK]]=6,"diamondgem",))))) -> x | E36: =IF(F36>2999,6,IF(F36 >1499,5,IF(F36>799,4,IF(F36>399,3,IF(F36>99,2,1))))) -> 1 | F36: ='RAW SCORE'!D25 -> 0 | G36: =REPT("|",K36/I36*100)&TEXT(K36/I36,"0%") -> 0% | I36: =IF(J36>2999,J36-1500,IF(J36>1499,J36-800,IF(J36>799,J36-400,IF(J36>399,J36-100,100)))) -> 100 | J36: =N36 -> 100 | K36: =IF(F36>2999,F36-3000,IF(F36>1499,F36-1500,IF(F36>799,F36-800,IF(F36>399,F36-400,IF(F36>99,F36-100,F36))))) -> 0 | L36: =(K36/I36)*100 -> 0 | M36: =(K36/I36)*1 -> 0 | N36: =IF(E36>5,5000,IF(E36 >4,3000,IF(E36>3,1500,IF(E36>2,800,IF(E36>1,400,100))))) -> 100 | O36: =IF(M36>=$P$10,M36," ") | P36: =IF(AND(M36<$P$10,M36>=$P$11),M36," ") | Q36: =IF(M36<$P$11,M36," ") -> 0 | R36: =MAX(1,M36)-M36 -> 1
A37: =IF(MonthlyExpenses69[[#This Row],[RANK]]<3,"x",IF(MonthlyExpenses69[[#This Row],[RANK]]=3,"star",IF(MonthlyExpenses69[[#This Row],[RANK]]=4,"ticket",IF(MonthlyExpenses69[[#This Row],[RANK]]=5,"goldenticket",IF(MonthlyExpenses69[[#This Row],[RANK]]=6,"diamondgem",))))) -> x | E37: =IF(F37>2999,6,IF(F37 >1499,5,IF(F37>799,4,IF(F37>399,3,IF(F37>99,2,1))))) -> 1 | F37: ='RAW SCORE'!D26 -> 0 | G37: =REPT("|",K37/I37*100)&TEXT(K37/I37,"0%") -> 0% | I37: =IF(J37>2999,J37-1500,IF(J37>1499,J37-800,IF(J37>799,J37-400,IF(J37>399,J37-100,100)))) -> 100 | J37: =N37 -> 100 | K37: =IF(F37>2999,F37-3000,IF(F37>1499,F37-1500,IF(F37>799,F37-800,IF(F37>399,F37-400,IF(F37>99,F37-100,F37))))) -> 0 | L37: =(K37/I37)*100 -> 0 | M37: =(K37/I37)*1 -> 0 | N37: =IF(E37>5,5000,IF(E37 >4,3000,IF(E37>3,1500,IF(E37>2,800,IF(E37>1,400,100))))) -> 100 | O37: =IF(M37>=$P$10,M37," ") | P37: =IF(AND(M37<$P$10,M37>=$P$11),M37," ") | Q37: =IF(M37<$P$11,M37," ") -> 0 | R37: =MAX(1,M37)-M37 -> 1
A38: =IF(MonthlyExpenses69[[#This Row],[RANK]]<3,"x",IF(MonthlyExpenses69[[#This Row],[RANK]]=3,"star",IF(MonthlyExpenses69[[#This Row],[RANK]]=4,"ticket",IF(MonthlyExpenses69[[#This Row],[RANK]]=5,"goldenticket",IF(MonthlyExpenses69[[#This Row],[RANK]]=6,"diamondgem",))))) -> x | E38: =IF(F38>2999,6,IF(F38 >1499,5,IF(F38>799,4,IF(F38>399,3,IF(F38>99,2,1))))) -> 1 | F38: ='RAW SCORE'!D27 -> 0 | G38: =REPT("|",K38/I38*100)&TEXT(K38/I38,"0%") -> 0% | I38: =IF(J38>2999,J38-1500,IF(J38>1499,J38-800,IF(J38>799,J38-400,IF(J38>399,J38-100,100)))) -> 100 | J38: =N38 -> 100 | K38: =IF(F38>2999,F38-3000,IF(F38>1499,F38-1500,IF(F38>799,F38-800,IF(F38>399,F38-400,IF(F38>99,F38-100,F38))))) -> 0 | L38: =(K38/I38)*100 -> 0 | M38: =(K38/I38)*1 -> 0 | N38: =IF(E38>5,5000,IF(E38 >4,3000,IF(E38>3,1500,IF(E38>2,800,IF(E38>1,400,100))))) -> 100 | O38: =IF(M38>=$P$10,M38," ") | P38: =IF(AND(M38<$P$10,M38>=$P$11),M38," ") | Q38: =IF(M38<$P$11,M38," ") -> 0 | R38: =MAX(1,M38)-M38 -> 1
A39: =IF(MonthlyExpenses69[[#This Row],[RANK]]<3,"x",IF(MonthlyExpenses69[[#This Row],[RANK]]=3,"star",IF(MonthlyExpenses69[[#This Row],[RANK]]=4,"ticket",IF(MonthlyExpenses69[[#This Row],[RANK]]=5,"goldenticket",IF(MonthlyExpenses69[[#This Row],[RANK]]=6,"diamondgem",))))) -> x | E39: =IF(F39>2999,6,IF(F39 >1499,5,IF(F39>799,4,IF(F39>399,3,IF(F39>99,2,1))))) -> 1 | F39: ='RAW SCORE'!D28 -> 0 | G39: =REPT("|",K39/I39*100)&TEXT(K39/I39,"0%") -> 0% | I39: =IF(J39>2999,J39-1500,IF(J39>1499,J39-800,IF(J39>799,J39-400,IF(J39>399,J39-100,100)))) -> 100 | J39: =N39 -> 100 | K39: =IF(F39>2999,F39-3000,IF(F39>1499,F39-1500,IF(F39>799,F39-800,IF(F39>399,F39-400,IF(F39>99,F39-100,F39))))) -> 0 | L39: =(K39/I39)*100 -> 0 | M39: =(K39/I39)*1 -> 0 | N39: =IF(E39>5,5000,IF(E39 >4,3000,IF(E39>3,1500,IF(E39>2,800,IF(E39>1,400,100))))) -> 100 | O39: =IF(M39>=$P$10,M39," ") | P39: =IF(AND(M39<$P$10,M39>=$P$11),M39," ") | Q39: =IF(M39<$P$11,M39," ") -> 0 | R39: =MAX(1,M39)-M39 -> 1
A40: =IF(MonthlyExpenses69[[#This Row],[RANK]]<3,"x",IF(MonthlyExpenses69[[#This Row],[RANK]]=3,"star",IF(MonthlyExpenses69[[#This Row],[RANK]]=4,"ticket",IF(MonthlyExpenses69[[#This Row],[RANK]]=5,"goldenticket",IF(MonthlyExpenses69[[#This Row],[RANK]]=6,"diamondgem",))))) -> x | E40: =IF(F40>2999,6,IF(F40 >1499,5,IF(F40>799,4,IF(F40>399,3,IF(F40>99,2,1))))) -> 1 | F40: ='RAW SCORE'!D29 -> 0 | G40: =REPT("|",K40/I40*100)&TEXT(K40/I40,"0%") -> 0% | I40: =IF(J40>2999,J40-1500,IF(J40>1499,J40-800,IF(J40>799,J40-400,IF(J40>399,J40-100,100)))) -> 100 | J40: =N40 -> 100 | K40: =IF(F40>2999,F40-3000,IF(F40>1499,F40-1500,IF(F40>799,F40-800,IF(F40>399,F40-400,IF(F40>99,F40-100,F40))))) -> 0 | L40: =(K40/I40)*100 -> 0 | M40: =(K40/I40)*1 -> 0 | N40: =IF(E40>5,5000,IF(E40 >4,3000,IF(E40>3,1500,IF(E40>2,800,IF(E40>1,400,100))))) -> 100 | O40: =IF(M40>=$P$10,M40," ") | P40: =IF(AND(M40<$P$10,M40>=$P$11),M40," ") | Q40: =IF(M40<$P$11,M40," ") -> 0 | R40: =MAX(1,M40)-M40 -> 1
A41: =IF(MonthlyExpenses69[[#This Row],[RANK]]<3,"x",IF(MonthlyExpenses69[[#This Row],[RANK]]=3,"star",IF(MonthlyExpenses69[[#This Row],[RANK]]=4,"ticket",IF(MonthlyExpenses69[[#This Row],[RANK]]=5,"goldenticket",IF(MonthlyExpenses69[[#This Row],[RANK]]=6,"diamondgem",))))) -> x | E41: =IF(F41>2999,6,IF(F41 >1499,5,IF(F41>799,4,IF(F41>399,3,IF(F41>99,2,1))))) -> 1 | F41: ='RAW SCORE'!D30 -> 0 | G41: =REPT("|",K41/I41*100)&TEXT(K41/I41,"0%") -> 0% | I41: =IF(J41>2999,J41-1500,IF(J41>1499,J41-800,IF(J41>799,J41-400,IF(J41>399,J41-100,100)))) -> 100 | J41: =N41 -> 100 | K41: =IF(F41>2999,F41-3000,IF(F41>1499,F41-1500,IF(F41>799,F41-800,IF(F41>399,F41-400,IF(F41>99,F41-100,F41))))) -> 0 | L41: =(K41/I41)*100 -> 0 | M41: =(K41/I41)*1 -> 0 | N41: =IF(E41>5,5000,IF(E41 >4,3000,IF(E41>3,1500,IF(E41>2,800,IF(E41>1,400,100))))) -> 100 | O41: =IF(M41>=$P$10,M41," ") | P41: =IF(AND(M41<$P$10,M41>=$P$11),M41," ") | Q41: =IF(M41<$P$11,M41," ") -> 0 | R41: =MAX(1,M41)-M41 -> 1
A42: =IF(MonthlyExpenses69[[#This Row],[RANK]]<3,"x",IF(MonthlyExpenses69[[#This Row],[RANK]]=3,"star",IF(MonthlyExpenses69[[#This Row],[RANK]]=4,"ticket",IF(MonthlyExpenses69[[#This Row],[RANK]]=5,"goldenticket",IF(MonthlyExpenses69[[#This Row],[RANK]]=6,"diamondgem",))))) -> x | E42: =IF(F42>2999,6,IF(F42 >1499,5,IF(F42>799,4,IF(F42>399,3,IF(F42>99,2,1))))) -> 1 | F42: ='RAW SCORE'!D31 -> 0 | G42: =REPT("|",K42/I42*100)&TEXT(K42/I42,"0%") -> 0% | I42: =IF(J42>2999,J42-1500,IF(J42>1499,J42-800,IF(J42>799,J42-400,IF(J42>399,J42-100,100)))) -> 100 | J42: =N42 -> 100 | K42: =IF(F42>2999,F42-3000,IF(F42>1499,F42-1500,IF(F42>799,F42-800,IF(F42>399,F42-400,IF(F42>99,F42-100,F42))))) -> 0 | L42: =(K42/I42)*100 -> 0 | M42: =(K42/I42)*1 -> 0 | N42: =IF(E42>5,5000,IF(E42 >4,3000,IF(E42>3,1500,IF(E42>2,800,IF(E42>1,400,100))))) -> 100 | O42: =IF(M42>=$P$10,M42," ") | P42: =IF(AND(M42<$P$10,M42>=$P$11),M42," ") | Q42: =IF(M42<$P$11,M42," ") -> 0 | R42: =MAX(1,M42)-M42 -> 1
A43: =IF(MonthlyExpenses69[[#This Row],[RANK]]<3,"x",IF(MonthlyExpenses69[[#This Row],[RANK]]=3,"star",IF(MonthlyExpenses69[[#This Row],[RANK]]=4,"ticket",IF(MonthlyExpenses69[[#This Row],[RANK]]=5,"goldenticket",IF(MonthlyExpenses69[[#This Row],[RANK]]=6,"diamondgem",))))) -> x | E43: =IF(F43>2999,6,IF(F43 >1499,5,IF(F43>799,4,IF(F43>399,3,IF(F43>99,2,1))))) -> 1 | F43: ='RAW SCORE'!D32 -> 0 | G43: =REPT("|",K43/I43*100)&TEXT(K43/I43,"0%") -> 0% | I43: =IF(J43>2999,J43-1500,IF(J43>1499,J43-800,IF(J43>799,J43-400,IF(J43>399,J43-100,100)))) -> 100 | J43: =N43 -> 100 | K43: =IF(F43>2999,F43-3000,IF(F43>1499,F43-1500,IF(F43>799,F43-800,IF(F43>399,F43-400,IF(F43>99,F43-100,F43))))) -> 0 | L43: =(K43/I43)*100 -> 0 | M43: =(K43/I43)*1 -> 0 | N43: =IF(E43>5,5000,IF(E43 >4,3000,IF(E43>3,1500,IF(E43>2,800,IF(E43>1,400,100))))) -> 100 | O43: =IF(M43>=$P$10,M43," ") | P43: =IF(AND(M43<$P$10,M43>=$P$11),M43," ") | Q43: =IF(M43<$P$11,M43," ") -> 0 | R43: =MAX(1,M43)-M43 -> 1
C44: TEAM DELTA | E44: =IF(AVERAGE(E45,E46,E47,E48,E49,E50,E51,E52,E53)>5,1000,IF(AVERAGE(E45,E46,E47,E48,E49,E50,E51,E52,E53)>4,500,IF(AVERAGE(E45,E46,E47,E48,E49,E50,E51,E52,E53)>3,300,IF(AVERAGE(E45,E46,E47,E48,E49,E50,E51,E52,E53)>2,150,IF(AVERAGE(E45,E46,E47,E48,E49,E50,E51,E52,E53)=2,50,0))))) -> 0 | F44: ='RAW SCORE'!D33 -> 0
A45: =IF(MonthlyExpenses69[[#This Row],[RANK]]<3,"x",IF(MonthlyExpenses69[[#This Row],[RANK]]=3,"star",IF(MonthlyExpenses69[[#This Row],[RANK]]=4,"ticket",IF(MonthlyExpenses69[[#This Row],[RANK]]=5,"goldenticket",IF(MonthlyExpenses69[[#This Row],[RANK]]=6,"diamondgem",))))) -> x | E45: =IF(F45>2999,6,IF(F45 >1499,5,IF(F45>799,4,IF(F45>399,3,IF(F45>99,2,1))))) -> 1 | F45: ='RAW SCORE'!D34 -> 0 | G45: =REPT("|",K45/I45*100)&TEXT(K45/I45,"0%") -> 0% | I45: =IF(J45>2999,J45-1500,IF(J45>1499,J45-800,IF(J45>799,J45-400,IF(J45>399,J45-100,100)))) -> 100 | J45: =N45 -> 100 | K45: =IF(F45>2999,F45-3000,IF(F45>1499,F45-1500,IF(F45>799,F45-800,IF(F45>399,F45-400,IF(F45>99,F45-100,F45))))) -> 0 | L45: =(K45/I45)*100 -> 0 | M45: =(K45/I45)*1 -> 0 | N45: =IF(E45>5,5000,IF(E45 >4,3000,IF(E45>3,1500,IF(E45>2,800,IF(E45>1,400,100))))) -> 100 | O45: =IF(M45>=$P$10,M45," ") | P45: =IF(AND(M45<$P$10,M45>=$P$11),M45," ") | Q45: =IF(M45<$P$11,M45," ") -> 0 | R45: =MAX(1,M45)-M45 -> 1
A46: =IF(MonthlyExpenses69[[#This Row],[RANK]]<3,"x",IF(MonthlyExpenses69[[#This Row],[RANK]]=3,"star",IF(MonthlyExpenses69[[#This Row],[RANK]]=4,"ticket",IF(MonthlyExpenses69[[#This Row],[RANK]]=5,"goldenticket",IF(MonthlyExpenses69[[#This Row],[RANK]]=6,"diamondgem",))))) -> x | E46: =IF(F46>2999,6,IF(F46 >1499,5,IF(F46>799,4,IF(F46>399,3,IF(F46>99,2,1))))) -> 1 | F46: ='RAW SCORE'!D35 -> 0 | G46: =REPT("|",K46/I46*100)&TEXT(K46/I46,"0%") -> 0% | I46: =IF(J46>2999,J46-1500,IF(J46>1499,J46-800,IF(J46>799,J46-400,IF(J46>399,J46-100,100)))) -> 100 | J46: =N46 -> 100 | K46: =IF(F46>2999,F46-3000,IF(F46>1499,F46-1500,IF(F46>799,F46-800,IF(F46>399,F46-400,IF(F46>99,F46-100,F46))))) -> 0 | L46: =(K46/I46)*100 -> 0 | M46: =(K46/I46)*1 -> 0 | N46: =IF(E46>5,5000,IF(E46 >4,3000,IF(E46>3,1500,IF(E46>2,800,IF(E46>1,400,100))))) -> 100 | O46: =IF(M46>=$P$10,M46," ") | P46: =IF(AND(M46<$P$10,M46>=$P$11),M46," ") | Q46: =IF(M46<$P$11,M46," ") -> 0 | R46: =MAX(1,M46)-M46 -> 1
A47: =IF(MonthlyExpenses69[[#This Row],[RANK]]<3,"x",IF(MonthlyExpenses69[[#This Row],[RANK]]=3,"star",IF(MonthlyExpenses69[[#This Row],[RANK]]=4,"ticket",IF(MonthlyExpenses69[[#This Row],[RANK]]=5,"goldenticket",IF(MonthlyExpenses69[[#This Row],[RANK]]=6,"diamondgem",))))) -> x | E47: =IF(F47>2999,6,IF(F47 >1499,5,IF(F47>799,4,IF(F47>399,3,IF(F47>99,2,1))))) -> 1 | F47: ='RAW SCORE'!D36 -> 0 | G47: =REPT("|",K47/I47*100)&TEXT(K47/I47,"0%") -> 0% | I47: =IF(J47>2999,J47-1500,IF(J47>1499,J47-800,IF(J47>799,J47-400,IF(J47>399,J47-100,100)))) -> 100 | J47: =N47 -> 100 | K47: =IF(F47>2999,F47-3000,IF(F47>1499,F47-1500,IF(F47>799,F47-800,IF(F47>399,F47-400,IF(F47>99,F47-100,F47))))) -> 0 | L47: =(K47/I47)*100 -> 0 | M47: =(K47/I47)*1 -> 0 | N47: =IF(E47>5,5000,IF(E47 >4,3000,IF(E47>3,1500,IF(E47>2,800,IF(E47>1,400,100))))) -> 100 | O47: =IF(M47>=$P$10,M47," ") | P47: =IF(AND(M47<$P$10,M47>=$P$11),M47," ") | Q47: =IF(M47<$P$11,M47," ") -> 0 | R47: =MAX(1,M47)-M47 -> 1
A48: =IF(MonthlyExpenses69[[#This Row],[RANK]]<3,"x",IF(MonthlyExpenses69[[#This Row],[RANK]]=3,"star",IF(MonthlyExpenses69[[#This Row],[RANK]]=4,"ticket",IF(MonthlyExpenses69[[#This Row],[RANK]]=5,"goldenticket",IF(MonthlyExpenses69[[#This Row],[RANK]]=6,"diamondgem",))))) -> x | E48: =IF(F48>2999,6,IF(F48 >1499,5,IF(F48>799,4,IF(F48>399,3,IF(F48>99,2,1))))) -> 1 | F48: ='RAW SCORE'!D37 -> 0 | G48: =REPT("|",K48/I48*100)&TEXT(K48/I48,"0%") -> 0% | I48: =IF(J48>2999,J48-1500,IF(J48>1499,J48-800,IF(J48>799,J48-400,IF(J48>399,J48-100,100)))) -> 100 | J48: =N48 -> 100 | K48: =IF(F48>2999,F48-3000,IF(F48>1499,F48-1500,IF(F48>799,F48-800,IF(F48>399,F48-400,IF(F48>99,F48-100,F48))))) -> 0 | L48: =(K48/I48)*100 -> 0 | M48: =(K48/I48)*1 -> 0 | N48: =IF(E48>5,5000,IF(E48 >4,3000,IF(E48>3,1500,IF(E48>2,800,IF(E48>1,400,100))))) -> 100 | O48: =IF(M48>=$P$10,M48," ") | P48: =IF(AND(M48<$P$10,M48>=$P$11),M48," ") | Q48: =IF(M48<$P$11,M48," ") -> 0 | R48: =MAX(1,M48)-M48 -> 1
A49: =IF(MonthlyExpenses69[[#This Row],[RANK]]<3,"x",IF(MonthlyExpenses69[[#This Row],[RANK]]=3,"star",IF(MonthlyExpenses69[[#This Row],[RANK]]=4,"ticket",IF(MonthlyExpenses69[[#This Row],[RANK]]=5,"goldenticket",IF(MonthlyExpenses69[[#This Row],[RANK]]=6,"diamondgem",))))) -> x | E49: =IF(F49>2999,6,IF(F49 >1499,5,IF(F49>799,4,IF(F49>399,3,IF(F49>99,2,1))))) -> 1 | F49: ='RAW SCORE'!D38 -> 0 | G49: =REPT("|",K49/I49*100)&TEXT(K49/I49,"0%") -> 0% | I49: =IF(J49>2999,J49-1500,IF(J49>1499,J49-800,IF(J49>799,J49-400,IF(J49>399,J49-100,100)))) -> 100 | J49: =N49 -> 100 | K49: =IF(F49>2999,F49-3000,IF(F49>1499,F49-1500,IF(F49>799,F49-800,IF(F49>399,F49-400,IF(F49>99,F49-100,F49))))) -> 0 | L49: =(K49/I49)*100 -> 0 | M49: =(K49/I49)*1 -> 0 | N49: =IF(E49>5,5000,IF(E49 >4,3000,IF(E49>3,1500,IF(E49>2,800,IF(E49>1,400,100))))) -> 100 | O49: =IF(M49>=$P$10,M49," ") | P49: =IF(AND(M49<$P$10,M49>=$P$11),M49," ") | Q49: =IF(M49<$P$11,M49," ") -> 0 | R49: =MAX(1,M49)-M49 -> 1
A50: =IF(MonthlyExpenses69[[#This Row],[RANK]]<3,"x",IF(MonthlyExpenses69[[#This Row],[RANK]]=3,"star",IF(MonthlyExpenses69[[#This Row],[RANK]]=4,"ticket",IF(MonthlyExpenses69[[#This Row],[RANK]]=5,"goldenticket",IF(MonthlyExpenses69[[#This Row],[RANK]]=6,"diamondgem",))))) -> x | E50: =IF(F50>2999,6,IF(F50 >1499,5,IF(F50>799,4,IF(F50>399,3,IF(F50>99,2,1))))) -> 1 | F50: ='RAW SCORE'!D39 -> 0 | G50: =REPT("|",K50/I50*100)&TEXT(K50/I50,"0%") -> 0% | I50: =IF(J50>2999,J50-1500,IF(J50>1499,J50-800,IF(J50>799,J50-400,IF(J50>399,J50-100,100)))) -> 100 | J50: =N50 -> 100 | K50: =IF(F50>2999,F50-3000,IF(F50>1499,F50-1500,IF(F50>799,F50-800,IF(F50>399,F50-400,IF(F50>99,F50-100,F50))))) -> 0 | L50: =(K50/I50)*100 -> 0 | M50: =(K50/I50)*1 -> 0 | N50: =IF(E50>5,5000,IF(E50 >4,3000,IF(E50>3,1500,IF(E50>2,800,IF(E50>1,400,100))))) -> 100 | O50: =IF(M50>=$P$10,M50," ") | P50: =IF(AND(M50<$P$10,M50>=$P$11),M50," ") | Q50: =IF(M50<$P$11,M50," ") -> 0 | R50: =MAX(1,M50)-M50 -> 1
A51: =IF(MonthlyExpenses69[[#This Row],[RANK]]<3,"x",IF(MonthlyExpenses69[[#This Row],[RANK]]=3,"star",IF(MonthlyExpenses69[[#This Row],[RANK]]=4,"ticket",IF(MonthlyExpenses69[[#This Row],[RANK]]=5,"goldenticket",IF(MonthlyExpenses69[[#This Row],[RANK]]=6,"diamondgem",))))) -> x | E51: =IF(F51>2999,6,IF(F51 >1499,5,IF(F51>799,4,IF(F51>399,3,IF(F51>99,2,1))))) -> 1 | F51: ='RAW SCORE'!D40 -> 0 | G51: =REPT("|",K51/I51*100)&TEXT(K51/I51,"0%") -> 0% | I51: =IF(J51>2999,J51-1500,IF(J51>1499,J51-800,IF(J51>799,J51-400,IF(J51>399,J51-100,100)))) -> 100 | J51: =N51 -> 100 | K51: =IF(F51>2999,F51-3000,IF(F51>1499,F51-1500,IF(F51>799,F51-800,IF(F51>399,F51-400,IF(F51>99,F51-100,F51))))) -> 0 | L51: =(K51/I51)*100 -> 0 | M51: =(K51/I51)*1 -> 0 | N51: =IF(E51>5,5000,IF(E51 >4,3000,IF(E51>3,1500,IF(E51>2,800,IF(E51>1,400,100))))) -> 100 | O51: =IF(M51>=$P$10,M51," ") | P51: =IF(AND(M51<$P$10,M51>=$P$11),M51," ") | Q51: =IF(M51<$P$11,M51," ") -> 0 | R51: =MAX(1,M51)-M51 -> 1
A52: =IF(MonthlyExpenses69[[#This Row],[RANK]]<3,"x",IF(MonthlyExpenses69[[#This Row],[RANK]]=3,"star",IF(MonthlyExpenses69[[#This Row],[RANK]]=4,"ticket",IF(MonthlyExpenses69[[#This Row],[RANK]]=5,"goldenticket",IF(MonthlyExpenses69[[#This Row],[RANK]]=6,"diamondgem",))))) -> x | E52: =IF(F52>2999,6,IF(F52 >1499,5,IF(F52>799,4,IF(F52>399,3,IF(F52>99,2,1))))) -> 1 | F52: ='RAW SCORE'!D41 -> 0 | G52: =REPT("|",K52/I52*100)&TEXT(K52/I52,"0%") -> 0% | I52: =IF(J52>2999,J52-1500,IF(J52>1499,J52-800,IF(J52>799,J52-400,IF(J52>399,J52-100,100)))) -> 100 | J52: =N52 -> 100 | K52: =IF(F52>2999,F52-3000,IF(F52>1499,F52-1500,IF(F52>799,F52-800,IF(F52>399,F52-400,IF(F52>99,F52-100,F52))))) -> 0 | L52: =(K52/I52)*100 -> 0 | M52: =(K52/I52)*1 -> 0 | N52: =IF(E52>5,5000,IF(E52 >4,3000,IF(E52>3,1500,IF(E52>2,800,IF(E52>1,400,100))))) -> 100 | O52: =IF(M52>=$P$10,M52," ") | P52: =IF(AND(M52<$P$10,M52>=$P$11),M52," ") | Q52: =IF(M52<$P$11,M52," ") -> 0 | R52: =MAX(1,M52)-M52 -> 1
A53: =IF(MonthlyExpenses69[[#This Row],[RANK]]<3,"x",IF(MonthlyExpenses69[[#This Row],[RANK]]=3,"star",IF(MonthlyExpenses69[[#This Row],[RANK]]=4,"ticket",IF(MonthlyExpenses69[[#This Row],[RANK]]=5,"goldenticket",IF(MonthlyExpenses69[[#This Row],[RANK]]=6,"diamondgem",))))) -> x | E53: =IF(F53>2999,6,IF(F53 >1499,5,IF(F53>799,4,IF(F53>399,3,IF(F53>99,2,1))))) -> 1 | F53: ='RAW SCORE'!D42 -> 0 | G53: =REPT("|",K53/I53*100)&TEXT(K53/I53,"0%") -> 0% | I53: =IF(J53>2999,J53-1500,IF(J53>1499,J53-800,IF(J53>799,J53-400,IF(J53>399,J53-100,100)))) -> 100 | J53: =N53 -> 100 | K53: =IF(F53>2999,F53-3000,IF(F53>1499,F53-1500,IF(F53>799,F53-800,IF(F53>399,F53-400,IF(F53>99,F53-100,F53))))) -> 0 | L53: =(K53/I53)*100 -> 0 | M53: =(K53/I53)*1 -> 0 | N53: =IF(E53>5,5000,IF(E53 >4,3000,IF(E53>3,1500,IF(E53>2,800,IF(E53>1,400,100))))) -> 100 | O53: =IF(M53>=$P$10,M53," ") | P53: =IF(AND(M53<$P$10,M53>=$P$11),M53," ") | Q53: =IF(M53<$P$11,M53," ") -> 0 | R53: =MAX(1,M53)-M53 -> 1
C54: TEAM EPSILON | E54: =IF(AVERAGE(E55,E56,E57,E58,E59,E60,E61,E62,E63)>5,1000,IF(AVERAGE(E55,E56,E57,E58,E59,E60,E61,E62,E63)>4,500,IF(AVERAGE(E55,E56,E57,E58,E59,E60,E61,E62,E63)>3,300,IF(AVERAGE(E55,E56,E57,E58,E59,E60,E61,E62,E63)>2,150,IF(AVERAGE(E55,E56,E57,E58,E59,E60,E61,E62,E63)=2,50,0))))) -> 0 | F54: ='RAW SCORE'!D43 -> 0
A55: =IF(MonthlyExpenses69[[#This Row],[RANK]]<3,"x",IF(MonthlyExpenses69[[#This Row],[RANK]]=3,"star",IF(MonthlyExpenses69[[#This Row],[RANK]]=4,"ticket",IF(MonthlyExpenses69[[#This Row],[RANK]]=5,"goldenticket",IF(MonthlyExpenses69[[#This Row],[RANK]]=6,"diamondgem",))))) -> x | E55: =IF(F55>2999,6,IF(F55 >1499,5,IF(F55>799,4,IF(F55>399,3,IF(F55>99,2,1))))) -> 1 | F55: ='RAW SCORE'!D44 -> 0 | G55: =REPT("|",K55/I55*100)&TEXT(K55/I55,"0%") -> 0% | I55: =IF(J55>2999,J55-1500,IF(J55>1499,J55-800,IF(J55>799,J55-400,IF(J55>399,J55-100,100)))) -> 100 | J55: =N55 -> 100 | K55: =IF(F55>2999,F55-3000,IF(F55>1499,F55-1500,IF(F55>799,F55-800,IF(F55>399,F55-400,IF(F55>99,F55-100,F55))))) -> 0 | L55: =(K55/I55)*100 -> 0 | M55: =(K55/I55)*1 -> 0 | N55: =IF(E55>5,5000,IF(E55 >4,3000,IF(E55>3,1500,IF(E55>2,800,IF(E55>1,400,100))))) -> 100 | O55: =IF(M55>=$P$10,M55," ") | P55: =IF(AND(M55<$P$10,M55>=$P$11),M55," ") | Q55: =IF(M55<$P$11,M55," ") -> 0 | R55: =MAX(1,M55)-M55 -> 1
A56: =IF(MonthlyExpenses69[[#This Row],[RANK]]<3,"x",IF(MonthlyExpenses69[[#This Row],[RANK]]=3,"star",IF(MonthlyExpenses69[[#This Row],[RANK]]=4,"ticket",IF(MonthlyExpenses69[[#This Row],[RANK]]=5,"goldenticket",IF(MonthlyExpenses69[[#This Row],[RANK]]=6,"diamondgem",))))) -> x | E56: =IF(F56>2999,6,IF(F56 >1499,5,IF(F56>799,4,IF(F56>399,3,IF(F56>99,2,1))))) -> 1 | F56: ='RAW SCORE'!D45 -> 0 | G56: =REPT("|",K56/I56*100)&TEXT(K56/I56,"0%") -> 0% | I56: =IF(J56>2999,J56-1500,IF(J56>1499,J56-800,IF(J56>799,J56-400,IF(J56>399,J56-100,100)))) -> 100 | J56: =N56 -> 100 | K56: =IF(F56>2999,F56-3000,IF(F56>1499,F56-1500,IF(F56>799,F56-800,IF(F56>399,F56-400,IF(F56>99,F56-100,F56))))) -> 0 | L56: =(K56/I56)*100 -> 0 | M56: =(K56/I56)*1 -> 0 | N56: =IF(E56>5,5000,IF(E56 >4,3000,IF(E56>3,1500,IF(E56>2,800,IF(E56>1,400,100))))) -> 100 | O56: =IF(M56>=$P$10,M56," ") | P56: =IF(AND(M56<$P$10,M56>=$P$11),M56," ") | Q56: =IF(M56<$P$11,M56," ") -> 0 | R56: =MAX(1,M56)-M56 -> 1
A57: =IF(MonthlyExpenses69[[#This Row],[RANK]]<3,"x",IF(MonthlyExpenses69[[#This Row],[RANK]]=3,"star",IF(MonthlyExpenses69[[#This Row],[RANK]]=4,"ticket",IF(MonthlyExpenses69[[#This Row],[RANK]]=5,"goldenticket",IF(MonthlyExpenses69[[#This Row],[RANK]]=6,"diamondgem",))))) -> x | E57: =IF(F57>2999,6,IF(F57 >1499,5,IF(F57>799,4,IF(F57>399,3,IF(F57>99,2,1))))) -> 1 | F57: ='RAW SCORE'!D46 -> 0 | G57: =REPT("|",K57/I57*100)&TEXT(K57/I57,"0%") -> 0% | I57: =IF(J57>2999,J57-1500,IF(J57>1499,J57-800,IF(J57>799,J57-400,IF(J57>399,J57-100,100)))) -> 100 | J57: =N57 -> 100 | K57: =IF(F57>2999,F57-3000,IF(F57>1499,F57-1500,IF(F57>799,F57-800,IF(F57>399,F57-400,IF(F57>99,F57-100,F57))))) -> 0 | L57: =(K57/I57)*100 -> 0 | M57: =(K57/I57)*1 -> 0 | N57: =IF(E57>5,5000,IF(E57 >4,3000,IF(E57>3,1500,IF(E57>2,800,IF(E57>1,400,100))))) -> 100 | O57: =IF(M57>=$P$10,M57," ") | P57: =IF(AND(M57<$P$10,M57>=$P$11),M57," ") | Q57: =IF(M57<$P$11,M57," ") -> 0 | R57: =MAX(1,M57)-M57 -> 1
A58: =IF(MonthlyExpenses69[[#This Row],[RANK]]<3,"x",IF(MonthlyExpenses69[[#This Row],[RANK]]=3,"star",IF(MonthlyExpenses69[[#This Row],[RANK]]=4,"ticket",IF(MonthlyExpenses69[[#This Row],[RANK]]=5,"goldenticket",IF(MonthlyExpenses69[[#This Row],[RANK]]=6,"diamondgem",))))) -> x | E58: =IF(F58>2999,6,IF(F58 >1499,5,IF(F58>799,4,IF(F58>399,3,IF(F58>99,2,1))))) -> 1 | F58: ='RAW SCORE'!D47 -> 0 | G58: =REPT("|",K58/I58*100)&TEXT(K58/I58,"0%") -> 0% | I58: =IF(J58>2999,J58-1500,IF(J58>1499,J58-800,IF(J58>799,J58-400,IF(J58>399,J58-100,100)))) -> 100 | J58: =N58 -> 100 | K58: =IF(F58>2999,F58-3000,IF(F58>1499,F58-1500,IF(F58>799,F58-800,IF(F58>399,F58-400,IF(F58>99,F58-100,F58))))) -> 0 | L58: =(K58/I58)*100 -> 0 | M58: =(K58/I58)*1 -> 0 | N58: =IF(E58>5,5000,IF(E58 >4,3000,IF(E58>3,1500,IF(E58>2,800,IF(E58>1,400,100))))) -> 100 | O58: =IF(M58>=$P$10,M58," ") | P58: =IF(AND(M58<$P$10,M58>=$P$11),M58," ") | Q58: =IF(M58<$P$11,M58," ") -> 0 | R58: =MAX(1,M58)-M58 -> 1
A59: =IF(MonthlyExpenses69[[#This Row],[RANK]]<3,"x",IF(MonthlyExpenses69[[#This Row],[RANK]]=3,"star",IF(MonthlyExpenses69[[#This Row],[RANK]]=4,"ticket",IF(MonthlyExpenses69[[#This Row],[RANK]]=5,"goldenticket",IF(MonthlyExpenses69[[#This Row],[RANK]]=6,"diamondgem",))))) -> x | E59: =IF(F59>2999,6,IF(F59 >1499,5,IF(F59>799,4,IF(F59>399,3,IF(F59>99,2,1))))) -> 1 | F59: ='RAW SCORE'!D48 -> 0 | G59: =REPT("|",K59/I59*100)&TEXT(K59/I59,"0%") -> 0% | I59: =IF(J59>2999,J59-1500,IF(J59>1499,J59-800,IF(J59>799,J59-400,IF(J59>399,J59-100,100)))) -> 100 | J59: =N59 -> 100 | K59: =IF(F59>2999,F59-3000,IF(F59>1499,F59-1500,IF(F59>799,F59-800,IF(F59>399,F59-400,IF(F59>99,F59-100,F59))))) -> 0 | L59: =(K59/I59)*100 -> 0 | M59: =(K59/I59)*1 -> 0 | N59: =IF(E59>5,5000,IF(E59 >4,3000,IF(E59>3,1500,IF(E59>2,800,IF(E59>1,400,100))))) -> 100 | O59: =IF(M59>=$P$10,M59," ") | P59: =IF(AND(M59<$P$10,M59>=$P$11),M59," ") | Q59: =IF(M59<$P$11,M59," ") -> 0 | R59: =MAX(1,M59)-M59 -> 1
A60: =IF(MonthlyExpenses69[[#This Row],[RANK]]<3,"x",IF(MonthlyExpenses69[[#This Row],[RANK]]=3,"star",IF(MonthlyExpenses69[[#This Row],[RANK]]=4,"ticket",IF(MonthlyExpenses69[[#This Row],[RANK]]=5,"goldenticket",IF(MonthlyExpenses69[[#This Row],[RANK]]=6,"diamondgem",))))) -> x | E60: =IF(F60>2999,6,IF(F60 >1499,5,IF(F60>799,4,IF(F60>399,3,IF(F60>99,2,1))))) -> 1 | F60: ='RAW SCORE'!D49 -> 0 | G60: =REPT("|",K60/I60*100)&TEXT(K60/I60,"0%") -> 0% | I60: =IF(J60>2999,J60-1500,IF(J60>1499,J60-800,IF(J60>799,J60-400,IF(J60>399,J60-100,100)))) -> 100 | J60: =N60 -> 100 | K60: =IF(F60>2999,F60-3000,IF(F60>1499,F60-1500,IF(F60>799,F60-800,IF(F60>399,F60-400,IF(F60>99,F60-100,F60))))) -> 0 | L60: =(K60/I60)*100 -> 0 | M60: =(K60/I60)*1 -> 0 | N60: =IF(E60>5,5000,IF(E60 >4,3000,IF(E60>3,1500,IF(E60>2,800,IF(E60>1,400,100))))) -> 100 | O60: =IF(M60>=$P$10,M60," ") | P60: =IF(AND(M60<$P$10,M60>=$P$11),M60," ") | Q60: =IF(M60<$P$11,M60," ") -> 0 | R60: =MAX(1,M60)-M60 -> 1
A61: =IF(MonthlyExpenses69[[#This Row],[RANK]]<3,"x",IF(MonthlyExpenses69[[#This Row],[RANK]]=3,"star",IF(MonthlyExpenses69[[#This Row],[RANK]]=4,"ticket",IF(MonthlyExpenses69[[#This Row],[RANK]]=5,"goldenticket",IF(MonthlyExpenses69[[#This Row],[RANK]]=6,"diamondgem",))))) -> x | E61: =IF(F61>2999,6,IF(F61 >1499,5,IF(F61>799,4,IF(F61>399,3,IF(F61>99,2,1))))) -> 1 | F61: ='RAW SCORE'!D50 -> 0 | G61: =REPT("|",K61/I61*100)&TEXT(K61/I61,"0%") -> 0% | I61: =IF(J61>2999,J61-1500,IF(J61>1499,J61-800,IF(J61>799,J61-400,IF(J61>399,J61-100,100)))) -> 100 | J61: =N61 -> 100 | K61: =IF(F61>2999,F61-3000,IF(F61>1499,F61-1500,IF(F61>799,F61-800,IF(F61>399,F61-400,IF(F61>99,F61-100,F61))))) -> 0 | L61: =(K61/I61)*100 -> 0 | M61: =(K61/I61)*1 -> 0 | N61: =IF(E61>5,5000,IF(E61 >4,3000,IF(E61>3,1500,IF(E61>2,800,IF(E61>1,400,100))))) -> 100 | O61: =IF(M61>=$P$10,M61," ") | P61: =IF(AND(M61<$P$10,M61>=$P$11),M61," ") | Q61: =IF(M61<$P$11,M61," ") -> 0 | R61: =MAX(1,M61)-M61 -> 1
A62: =IF(MonthlyExpenses69[[#This Row],[RANK]]<3,"x",IF(MonthlyExpenses69[[#This Row],[RANK]]=3,"star",IF(MonthlyExpenses69[[#This Row],[RANK]]=4,"ticket",IF(MonthlyExpenses69[[#This Row],[RANK]]=5,"goldenticket",IF(MonthlyExpenses69[[#This Row],[RANK]]=6,"diamondgem",))))) -> x | E62: =IF(F62>2999,6,IF(F62 >1499,5,IF(F62>799,4,IF(F62>399,3,IF(F62>99,2,1))))) -> 1 | F62: ='RAW SCORE'!D51 -> 0 | G62: =REPT("|",K62/I62*100)&TEXT(K62/I62,"0%") -> 0% | I62: =IF(J62>2999,J62-1500,IF(J62>1499,J62-800,IF(J62>799,J62-400,IF(J62>399,J62-100,100)))) -> 100 | J62: =N62 -> 100 | K62: =IF(F62>2999,F62-3000,IF(F62>1499,F62-1500,IF(F62>799,F62-800,IF(F62>399,F62-400,IF(F62>99,F62-100,F62))))) -> 0 | L62: =(K62/I62)*100 -> 0 | M62: =(K62/I62)*1 -> 0 | N62: =IF(E62>5,5000,IF(E62 >4,3000,IF(E62>3,1500,IF(E62>2,800,IF(E62>1,400,100))))) -> 100 | O62: =IF(M62>=$P$10,M62," ") | P62: =IF(AND(M62<$P$10,M62>=$P$11),M62," ") | Q62: =IF(M62<$P$11,M62," ") -> 0 | R62: =MAX(1,M62)-M62 -> 1
A63: =IF(MonthlyExpenses69[[#This Row],[RANK]]<3,"x",IF(MonthlyExpenses69[[#This Row],[RANK]]=3,"star",IF(MonthlyExpenses69[[#This Row],[RANK]]=4,"ticket",IF(MonthlyExpenses69[[#This Row],[RANK]]=5,"goldenticket",IF(MonthlyExpenses69[[#This Row],[RANK]]=6,"diamondgem",))))) -> x | E63: =IF(F63>2999,6,IF(F63 >1499,5,IF(F63>799,4,IF(F63>399,3,IF(F63>99,2,1))))) -> 1 | F63: ='RAW SCORE'!D52 -> 0 | G63: =REPT("|",K63/I63*100)&TEXT(K63/I63,"0%") -> 0% | I63: =IF(J63>2999,J63-1500,IF(J63>1499,J63-800,IF(J63>799,J63-400,IF(J63>399,J63-100,100)))) -> 100 | J63: =N63 -> 100 | K63: =IF(F63>2999,F63-3000,IF(F63>1499,F63-1500,IF(F63>799,F63-800,IF(F63>399,F63-400,IF(F63>99,F63-100,F63))))) -> 0 | L63: =(K63/I63)*100 -> 0 | M63: =(K63/I63)*1 -> 0 | N63: =IF(E63>5,5000,IF(E63 >4,3000,IF(E63>3,1500,IF(E63>2,800,IF(E63>1,400,100))))) -> 100 | O63: =IF(M63>=$P$10,M63," ") | P63: =IF(AND(M63<$P$10,M63>=$P$11),M63," ") | Q63: =IF(M63<$P$11,M63," ") -> 0 | R63: =MAX(1,M63)-M63 -> 1
C64: TEAM OMICRON | E64: =IF(AVERAGE(E65,E66,E67,E68,E69,E70,E71,E72,E73)>5,1000,IF(AVERAGE(E65,E66,E67,E68,E69,E70,E71,E72,E73)>4,500,IF(AVERAGE(E65,E66,E67,E68,E69,E70,E71,E72,E73)>3,300,IF(AVERAGE(E65,E66,E67,E68,E69,E70,E71,E72,E73)>2,150,IF(AVERAGE(E65,E66,E67,E68,E69,E70,E71,E72,E73)=2,50,0))))) -> 0 | F64: ='RAW SCORE'!D53 -> 0
A65: =IF(MonthlyExpenses69[[#This Row],[RANK]]<3,"x",IF(MonthlyExpenses69[[#This Row],[RANK]]=3,"star",IF(MonthlyExpenses69[[#This Row],[RANK]]=4,"ticket",IF(MonthlyExpenses69[[#This Row],[RANK]]=5,"goldenticket",IF(MonthlyExpenses69[[#This Row],[RANK]]=6,"diamondgem",))))) -> x | E65: =IF(F65>2999,6,IF(F65 >1499,5,IF(F65>799,4,IF(F65>399,3,IF(F65>99,2,1))))) -> 1 | F65: ='RAW SCORE'!D54 -> 0 | G65: =REPT("|",K65/I65*100)&TEXT(K65/I65,"0%") -> 0% | I65: =IF(J65>2999,J65-1500,IF(J65>1499,J65-800,IF(J65>799,J65-400,IF(J65>399,J65-100,100)))) -> 100 | J65: =N65 -> 100 | K65: =IF(F65>2999,F65-3000,IF(F65>1499,F65-1500,IF(F65>799,F65-800,IF(F65>399,F65-400,IF(F65>99,F65-100,F65))))) -> 0 | L65: =(K65/I65)*100 -> 0 | M65: =(K65/I65)*1 -> 0 | N65: =IF(E65>5,5000,IF(E65 >4,3000,IF(E65>3,1500,IF(E65>2,800,IF(E65>1,400,100))))) -> 100 | O65: =IF(M65>=$P$10,M65," ") | P65: =IF(AND(M65<$P$10,M65>=$P$11),M65," ") | Q65: =IF(M65<$P$11,M65," ") -> 0 | R65: =MAX(1,M65)-M65 -> 1
A66: =IF(MonthlyExpenses69[[#This Row],[RANK]]<3,"x",IF(MonthlyExpenses69[[#This Row],[RANK]]=3,"star",IF(MonthlyExpenses69[[#This Row],[RANK]]=4,"ticket",IF(MonthlyExpenses69[[#This Row],[RANK]]=5,"goldenticket",IF(MonthlyExpenses69[[#This Row],[RANK]]=6,"diamondgem",))))) -> x | E66: =IF(F66>2999,6,IF(F66 >1499,5,IF(F66>799,4,IF(F66>399,3,IF(F66>99,2,1))))) -> 1 | F66: ='RAW SCORE'!D55 -> 0 | G66: =REPT("|",K66/I66*100)&TEXT(K66/I66,"0%") -> 0% | I66: =IF(J66>2999,J66-1500,IF(J66>1499,J66-800,IF(J66>799,J66-400,IF(J66>399,J66-100,100)))) -> 100 | J66: =N66 -> 100 | K66: =IF(F66>2999,F66-3000,IF(F66>1499,F66-1500,IF(F66>799,F66-800,IF(F66>399,F66-400,IF(F66>99,F66-100,F66))))) -> 0 | L66: =(K66/I66)*100 -> 0 | M66: =(K66/I66)*1 -> 0 | N66: =IF(E66>5,5000,IF(E66 >4,3000,IF(E66>3,1500,IF(E66>2,800,IF(E66>1,400,100))))) -> 100 | O66: =IF(M66>=$P$10,M66," ") | P66: =IF(AND(M66<$P$10,M66>=$P$11),M66," ") | Q66: =IF(M66<$P$11,M66," ") -> 0 | R66: =MAX(1,M66)-M66 -> 1
A67: =IF(MonthlyExpenses69[[#This Row],[RANK]]<3,"x",IF(MonthlyExpenses69[[#This Row],[RANK]]=3,"star",IF(MonthlyExpenses69[[#This Row],[RANK]]=4,"ticket",IF(MonthlyExpenses69[[#This Row],[RANK]]=5,"goldenticket",IF(MonthlyExpenses69[[#This Row],[RANK]]=6,"diamondgem",))))) -> x | E67: =IF(F67>2999,6,IF(F67 >1499,5,IF(F67>799,4,IF(F67>399,3,IF(F67>99,2,1))))) -> 1 | F67: ='RAW SCORE'!D56 -> 0 | G67: =REPT("|",K67/I67*100)&TEXT(K67/I67,"0%") -> 0% | I67: =IF(J67>2999,J67-1500,IF(J67>1499,J67-800,IF(J67>799,J67-400,IF(J67>399,J67-100,100)))) -> 100 | J67: =N67 -> 100 | K67: =IF(F67>2999,F67-3000,IF(F67>1499,F67-1500,IF(F67>799,F67-800,IF(F67>399,F67-400,IF(F67>99,F67-100,F67))))) -> 0 | L67: =(K67/I67)*100 -> 0 | M67: =(K67/I67)*1 -> 0 | N67: =IF(E67>5,5000,IF(E67 >4,3000,IF(E67>3,1500,IF(E67>2,800,IF(E67>1,400,100))))) -> 100 | O67: =IF(M67>=$P$10,M67," ") | P67: =IF(AND(M67<$P$10,M67>=$P$11),M67," ") | Q67: =IF(M67<$P$11,M67," ") -> 0 | R67: =MAX(1,M67)-M67 -> 1
A68: =IF(MonthlyExpenses69[[#This Row],[RANK]]<3,"x",IF(MonthlyExpenses69[[#This Row],[RANK]]=3,"star",IF(MonthlyExpenses69[[#This Row],[RANK]]=4,"ticket",IF(MonthlyExpenses69[[#This Row],[RANK]]=5,"goldenticket",IF(MonthlyExpenses69[[#This Row],[RANK]]=6,"diamondgem",))))) -> x | E68: =IF(F68>2999,6,IF(F68 >1499,5,IF(F68>799,4,IF(F68>399,3,IF(F68>99,2,1))))) -> 1 | F68: ='RAW SCORE'!D57 -> 0 | G68: =REPT("|",K68/I68*100)&TEXT(K68/I68,"0%") -> 0% | I68: =IF(J68>2999,J68-1500,IF(J68>1499,J68-800,IF(J68>799,J68-400,IF(J68>399,J68-100,100)))) -> 100 | J68: =N68 -> 100 | K68: =IF(F68>2999,F68-3000,IF(F68>1499,F68-1500,IF(F68>799,F68-800,IF(F68>399,F68-400,IF(F68>99,F68-100,F68))))) -> 0 | L68: =(K68/I68)*100 -> 0 | M68: =(K68/I68)*1 -> 0 | N68: =IF(E68>5,5000,IF(E68 >4,3000,IF(E68>3,1500,IF(E68>2,800,IF(E68>1,400,100))))) -> 100 | O68: =IF(M68>=$P$10,M68," ") | P68: =IF(AND(M68<$P$10,M68>=$P$11),M68," ") | Q68: =IF(M68<$P$11,M68," ") -> 0 | R68: =MAX(1,M68)-M68 -> 1
A69: =IF(MonthlyExpenses69[[#This Row],[RANK]]<3,"x",IF(MonthlyExpenses69[[#This Row],[RANK]]=3,"star",IF(MonthlyExpenses69[[#This Row],[RANK]]=4,"ticket",IF(MonthlyExpenses69[[#This Row],[RANK]]=5,"goldenticket",IF(MonthlyExpenses69[[#This Row],[RANK]]=6,"diamondgem",))))) -> x | E69: =IF(F69>2999,6,IF(F69 >1499,5,IF(F69>799,4,IF(F69>399,3,IF(F69>99,2,1))))) -> 1 | F69: ='RAW SCORE'!D58 -> 0 | G69: =REPT("|",K69/I69*100)&TEXT(K69/I69,"0%") -> 0% | I69: =IF(J69>2999,J69-1500,IF(J69>1499,J69-800,IF(J69>799,J69-400,IF(J69>399,J69-100,100)))) -> 100 | J69: =N69 -> 100 | K69: =IF(F69>2999,F69-3000,IF(F69>1499,F69-1500,IF(F69>799,F69-800,IF(F69>399,F69-400,IF(F69>99,F69-100,F69))))) -> 0 | L69: =(K69/I69)*100 -> 0 | M69: =(K69/I69)*1 -> 0 | N69: =IF(E97>5,5000,IF(E97 >4,3000,IF(E97>3,1500,IF(E97>2,800,IF(E97>1,400,100))))) -> 100 | O69: =IF(M69>=$P$10,M69," ") | P69: =IF(AND(M69<$P$10,M69>=$P$11),M69," ") | Q69: =IF(M69<$P$11,M69," ") -> 0 | R69: =MAX(1,M69)-M69 -> 1
A70: =IF(MonthlyExpenses69[[#This Row],[RANK]]<3,"x",IF(MonthlyExpenses69[[#This Row],[RANK]]=3,"star",IF(MonthlyExpenses69[[#This Row],[RANK]]=4,"ticket",IF(MonthlyExpenses69[[#This Row],[RANK]]=5,"goldenticket",IF(MonthlyExpenses69[[#This Row],[RANK]]=6,"diamondgem",))))) -> x | E70: =IF(F70>2999,6,IF(F70 >1499,5,IF(F70>799,4,IF(F70>399,3,IF(F70>99,2,1))))) -> 1 | F70: ='RAW SCORE'!D59 -> 0 | G70: =REPT("|",K70/I70*100)&TEXT(K70/I70,"0%") -> 0% | I70: =IF(J70>2999,J70-1500,IF(J70>1499,J70-800,IF(J70>799,J70-400,IF(J70>399,J70-100,100)))) -> 100 | J70: =N70 -> 100 | K70: =IF(F70>2999,F70-3000,IF(F70>1499,F70-1500,IF(F70>799,F70-800,IF(F70>399,F70-400,IF(F70>99,F70-100,F70))))) -> 0 | L70: =(K70/I70)*100 -> 0 | M70: =(K70/I70)*1 -> 0 | N70: =IF(E98>5,5000,IF(E98 >4,3000,IF(E98>3,1500,IF(E98>2,800,IF(E98>1,400,100))))) -> 100 | O70: =IF(M70>=$P$10,M70," ") | P70: =IF(AND(M70<$P$10,M70>=$P$11),M70," ") | Q70: =IF(M70<$P$11,M70," ") -> 0 | R70: =MAX(1,M70)-M70 -> 1
A71: =IF(MonthlyExpenses69[[#This Row],[RANK]]<3,"x",IF(MonthlyExpenses69[[#This Row],[RANK]]=3,"star",IF(MonthlyExpenses69[[#This Row],[RANK]]=4,"ticket",IF(MonthlyExpenses69[[#This Row],[RANK]]=5,"goldenticket",IF(MonthlyExpenses69[[#This Row],[RANK]]=6,"diamondgem",))))) -> x | E71: =IF(F71>2999,6,IF(F71 >1499,5,IF(F71>799,4,IF(F71>399,3,IF(F71>99,2,1))))) -> 1 | F71: ='RAW SCORE'!D60 -> 0 | G71: =REPT("|",K71/I71*100)&TEXT(K71/I71,"0%") -> 0% | I71: =IF(J71>2999,J71-1500,IF(J71>1499,J71-800,IF(J71>799,J71-400,IF(J71>399,J71-100,100)))) -> 100 | J71: =N71 -> 100 | K71: =IF(F71>2999,F71-3000,IF(F71>1499,F71-1500,IF(F71>799,F71-800,IF(F71>399,F71-400,IF(F71>99,F71-100,F71))))) -> 0 | L71: =(K71/I71)*100 -> 0 | M71: =(K71/I71)*1 -> 0 | N71: =IF(E99>5,5000,IF(E99 >4,3000,IF(E99>3,1500,IF(E99>2,800,IF(E99>1,400,100))))) -> 100 | O71: =IF(M71>=$P$10,M71," ") | P71: =IF(AND(M71<$P$10,M71>=$P$11),M71," ") | Q71: =IF(M71<$P$11,M71," ") -> 0 | R71: =MAX(1,M71)-M71 -> 1
A72: =IF(MonthlyExpenses69[[#This Row],[RANK]]<3,"x",IF(MonthlyExpenses69[[#This Row],[RANK]]=3,"star",IF(MonthlyExpenses69[[#This Row],[RANK]]=4,"ticket",IF(MonthlyExpenses69[[#This Row],[RANK]]=5,"goldenticket",IF(MonthlyExpenses69[[#This Row],[RANK]]=6,"diamondgem",))))) -> x | E72: =IF(F72>2999,6,IF(F72 >1499,5,IF(F72>799,4,IF(F72>399,3,IF(F72>99,2,1))))) -> 1 | F72: ='RAW SCORE'!D61 -> 0 | G72: =REPT("|",K72/I72*100)&TEXT(K72/I72,"0%") -> 0% | I72: =IF(J72>2999,J72-1500,IF(J72>1499,J72-800,IF(J72>799,J72-400,IF(J72>399,J72-100,100)))) -> 100 | J72: =N72 -> 100 | K72: =IF(F72>2999,F72-3000,IF(F72>1499,F72-1500,IF(F72>799,F72-800,IF(F72>399,F72-400,IF(F72>99,F72-100,F72))))) -> 0 | L72: =(K72/I72)*100 -> 0 | M72: =(K72/I72)*1 -> 0 | N72: =IF(E100>5,5000,IF(E100 >4,3000,IF(E100>3,1500,IF(E100>2,800,IF(E100>1,400,100))))) -> 100 | O72: =IF(M72>=$P$10,M72," ") | P72: =IF(AND(M72<$P$10,M72>=$P$11),M72," ") | Q72: =IF(M72<$P$11,M72," ") -> 0 | R72: =MAX(1,M72)-M72 -> 1
A73: =IF(MonthlyExpenses69[[#This Row],[RANK]]<3,"x",IF(MonthlyExpenses69[[#This Row],[RANK]]=3,"star",IF(MonthlyExpenses69[[#This Row],[RANK]]=4,"ticket",IF(MonthlyExpenses69[[#This Row],[RANK]]=5,"goldenticket",IF(MonthlyExpenses69[[#This Row],[RANK]]=6,"diamondgem",))))) -> x | E73: =IF(F73>2999,6,IF(F73 >1499,5,IF(F73>799,4,IF(F73>399,3,IF(F73>99,2,1))))) -> 1 | F73: ='RAW SCORE'!D62 -> 0 | G73: =REPT("|",K73/I73*100)&TEXT(K73/I73,"0%") -> 0% | I73: =IF(J73>2999,J73-1500,IF(J73>1499,J73-800,IF(J73>799,J73-400,IF(J73>399,J73-100,100)))) -> 100 | J73: =N73 -> 100 | K73: =IF(F73>2999,F73-3000,IF(F73>1499,F73-1500,IF(F73>799,F73-800,IF(F73>399,F73-400,IF(F73>99,F73-100,F73))))) -> 0 | L73: =(K73/I73)*100 -> 0 | M73: =(K73/I73)*1 -> 0 | N73: =IF(E101>5,5000,IF(E101 >4,3000,IF(E101>3,1500,IF(E101>2,800,IF(E101>1,400,100))))) -> 100 | O73: =IF(M73>=$P$10,M73," ") | P73: =IF(AND(M73<$P$10,M73>=$P$11),M73," ") | Q73: =IF(M73<$P$11,M73," ") -> 0 | R73: =MAX(1,M73)-M73 -> 1
A74: =IF(MonthlyExpenses69[[#This Row],[RANK]]<3,"x",IF(MonthlyExpenses69[[#This Row],[RANK]]=3,"star",IF(MonthlyExpenses69[[#This Row],[RANK]]=4,"ticket",IF(MonthlyExpenses69[[#This Row],[RANK]]=5,"goldenticket",IF(MonthlyExpenses69[[#This Row],[RANK]]=6,"diamondgem",))))) -> x | C74: TEAM OMEGA | E74: =IF(AVERAGE(E75,E76,E77,E78,E79,E80,E81,E82,E83)>5,1000,IF(AVERAGE(E75,E76,E77,E78,E79,E80,E81,E82,E83)>4,500,IF(AVERAGE(E75,E76,E77,E78,E79,E80,E81,E82,E83)>3,300,IF(AVERAGE(E75,E76,E77,E78,E79,E80,E81,E82,E83)>2,150,IF(AVERAGE(E75,E76,E77,E78,E79,E80,E81,E82,E83)=2,50,0))))) -> 0 | F74: ='RAW SCORE'!D63 -> 0 | I74: =IF(J74>2999,J74-1500,IF(J74>1499,J74-800,IF(J74>799,J74-400,IF(J74>399,J74-100,100)))) -> 100 | J74: =N74 -> 100 | K74: =IF(F74>2999,F74-3000,IF(F74>1499,F74-1500,IF(F74>799,F74-800,IF(F74>399,F74-400,IF(F74>99,F74-100,F74))))) -> 0 | L74: =(K74/I74)*100 -> 0 | M74: =(K74/I74)*1 -> 0 | N74: =IF(E102>5,5000,IF(E102 >4,3000,IF(E102>3,1500,IF(E102>2,800,IF(E102>1,400,100))))) -> 100 | O74: =IF(M74>=$P$10,M74," ") | P74: =IF(AND(M74<$P$10,M74>=$P$11),M74," ") | Q74: =IF(M74<$P$11,M74," ") -> 0 | R74: =MAX(1,M74)-M74 -> 1
A75: =IF(MonthlyExpenses69[[#This Row],[RANK]]<3,"x",IF(MonthlyExpenses69[[#This Row],[RANK]]=3,"star",IF(MonthlyExpenses69[[#This Row],[RANK]]=4,"ticket",IF(MonthlyExpenses69[[#This Row],[RANK]]=5,"goldenticket",IF(MonthlyExpenses69[[#This Row],[RANK]]=6,"diamondgem",))))) -> x | E75: =IF(F75>2999,6,IF(F75 >1499,5,IF(F75>799,4,IF(F75>399,3,IF(F75>99,2,1))))) -> 1 | F75: ='RAW SCORE'!D64 -> 0 | G75: =REPT("|",K75/I75*100)&TEXT(K75/I75,"0%") -> 0% | I75: =IF(J75>2999,J75-1500,IF(J75>1499,J75-800,IF(J75>799,J75-400,IF(J75>399,J75-100,100)))) -> 100 | J75: =N75 -> 100 | K75: =IF(F75>2999,F75-3000,IF(F75>1499,F75-1500,IF(F75>799,F75-800,IF(F75>399,F75-400,IF(F75>99,F75-100,F75))))) -> 0 | L75: =(K75/I75)*100 -> 0 | M75: =(K75/I75)*1 -> 0 | N75: =IF(E103>5,5000,IF(E103 >4,3000,IF(E103>3,1500,IF(E103>2,800,IF(E103>1,400,100))))) -> 100 | O75: =IF(M75>=$P$10,M75," ") | P75: =IF(AND(M75<$P$10,M75>=$P$11),M75," ") | Q75: =IF(M75<$P$11,M75," ") -> 0 | R75: =MAX(1,M75)-M75 -> 1
A76: =IF(MonthlyExpenses69[[#This Row],[RANK]]<3,"x",IF(MonthlyExpenses69[[#This Row],[RANK]]=3,"star",IF(MonthlyExpenses69[[#This Row],[RANK]]=4,"ticket",IF(MonthlyExpenses69[[#This Row],[RANK]]=5,"goldenticket",IF(MonthlyExpenses69[[#This Row],[RANK]]=6,"diamondgem",))))) -> x | E76: =IF(F76>2999,6,IF(F76 >1499,5,IF(F76>799,4,IF(F76>399,3,IF(F76>99,2,1))))) -> 1 | F76: ='RAW SCORE'!D65 -> 0 | G76: =REPT("|",K76/I76*100)&TEXT(K76/I76,"0%") -> 0% | I76: =IF(J76>2999,J76-1500,IF(J76>1499,J76-800,IF(J76>799,J76-400,IF(J76>399,J76-100,100)))) -> 100 | J76: =N76 -> 100 | K76: =IF(F76>2999,F76-3000,IF(F76>1499,F76-1500,IF(F76>799,F76-800,IF(F76>399,F76-400,IF(F76>99,F76-100,F76))))) -> 0 | L76: =(K76/I76)*100 -> 0 | M76: =(K76/I76)*1 -> 0 | N76: =IF(E104>5,5000,IF(E104 >4,3000,IF(E104>3,1500,IF(E104>2,800,IF(E104>1,400,100))))) -> 100 | O76: =IF(M76>=$P$10,M76," ") | P76: =IF(AND(M76<$P$10,M76>=$P$11),M76," ") | Q76: =IF(M76<$P$11,M76," ") -> 0 | R76: =MAX(1,M76)-M76 -> 1
A77: =IF(MonthlyExpenses69[[#This Row],[RANK]]<3,"x",IF(MonthlyExpenses69[[#This Row],[RANK]]=3,"star",IF(MonthlyExpenses69[[#This Row],[RANK]]=4,"ticket",IF(MonthlyExpenses69[[#This Row],[RANK]]=5,"goldenticket",IF(MonthlyExpenses69[[#This Row],[RANK]]=6,"diamondgem",))))) -> x | E77: =IF(F77>2999,6,IF(F77 >1499,5,IF(F77>799,4,IF(F77>399,3,IF(F77>99,2,1))))) -> 1 | F77: ='RAW SCORE'!D66 -> 0 | G77: =REPT("|",K77/I77*100)&TEXT(K77/I77,"0%") -> 0% | I77: =IF(J77>2999,J77-1500,IF(J77>1499,J77-800,IF(J77>799,J77-400,IF(J77>399,J77-100,100)))) -> 100 | J77: =N77 -> 100 | K77: =IF(F77>2999,F77-3000,IF(F77>1499,F77-1500,IF(F77>799,F77-800,IF(F77>399,F77-400,IF(F77>99,F77-100,F77))))) -> 0 | L77: =(K77/I77)*100 -> 0 | M77: =(K77/I77)*1 -> 0 | N77: =IF(E105>5,5000,IF(E105 >4,3000,IF(E105>3,1500,IF(E105>2,800,IF(E105>1,400,100))))) -> 100 | O77: =IF(M77>=$P$10,M77," ") | P77: =IF(AND(M77<$P$10,M77>=$P$11),M77," ") | Q77: =IF(M77<$P$11,M77," ") -> 0 | R77: =MAX(1,M77)-M77 -> 1
A78: =IF(MonthlyExpenses69[[#This Row],[RANK]]<3,"x",IF(MonthlyExpenses69[[#This Row],[RANK]]=3,"star",IF(MonthlyExpenses69[[#This Row],[RANK]]=4,"ticket",IF(MonthlyExpenses69[[#This Row],[RANK]]=5,"goldenticket",IF(MonthlyExpenses69[[#This Row],[RANK]]=6,"diamondgem",))))) -> x | E78: =IF(F78>2999,6,IF(F78 >1499,5,IF(F78>799,4,IF(F78>399,3,IF(F78>99,2,1))))) -> 1 | F78: ='RAW SCORE'!D67 -> 0 | G78: =REPT("|",K78/I78*100)&TEXT(K78/I78,"0%") -> 0% | I78: =IF(J78>2999,J78-1500,IF(J78>1499,J78-800,IF(J78>799,J78-400,IF(J78>399,J78-100,100)))) -> 100 | J78: =N78 -> 100 | K78: =IF(F78>2999,F78-3000,IF(F78>1499,F78-1500,IF(F78>799,F78-800,IF(F78>399,F78-400,IF(F78>99,F78-100,F78))))) -> 0 | L78: =(K78/I78)*100 -> 0 | M78: =(K78/I78)*1 -> 0 | N78: =IF(E106>5,5000,IF(E106 >4,3000,IF(E106>3,1500,IF(E106>2,800,IF(E106>1,400,100))))) -> 100 | O78: =IF(M78>=$P$10,M78," ") | P78: =IF(AND(M78<$P$10,M78>=$P$11),M78," ") | Q78: =IF(M78<$P$11,M78," ") -> 0 | R78: =MAX(1,M78)-M78 -> 1
A79: =IF(MonthlyExpenses69[[#This Row],[RANK]]<3,"x",IF(MonthlyExpenses69[[#This Row],[RANK]]=3,"star",IF(MonthlyExpenses69[[#This Row],[RANK]]=4,"ticket",IF(MonthlyExpenses69[[#This Row],[RANK]]=5,"goldenticket",IF(MonthlyExpenses69[[#This Row],[RANK]]=6,"diamondgem",))))) -> x | E79: =IF(F79>2999,6,IF(F79 >1499,5,IF(F79>799,4,IF(F79>399,3,IF(F79>99,2,1))))) -> 1 | F79: ='RAW SCORE'!D68 -> 0 | G79: =REPT("|",K79/I79*100)&TEXT(K79/I79,"0%") -> 0% | I79: =IF(J79>2999,J79-1500,IF(J79>1499,J79-800,IF(J79>799,J79-400,IF(J79>399,J79-100,100)))) -> 100 | J79: =N79 -> 100 | K79: =IF(F79>2999,F79-3000,IF(F79>1499,F79-1500,IF(F79>799,F79-800,IF(F79>399,F79-400,IF(F79>99,F79-100,F79))))) -> 0 | L79: =(K79/I79)*100 -> 0 | M79: =(K79/I79)*1 -> 0 | N79: =IF(E107>5,5000,IF(E107 >4,3000,IF(E107>3,1500,IF(E107>2,800,IF(E107>1,400,100))))) -> 100 | O79: =IF(M79>=$P$10,M79," ") | P79: =IF(AND(M79<$P$10,M79>=$P$11),M79," ") | Q79: =IF(M79<$P$11,M79," ") -> 0 | R79: =MAX(1,M79)-M79 -> 1
A80: =IF(MonthlyExpenses69[[#This Row],[RANK]]<3,"x",IF(MonthlyExpenses69[[#This Row],[RANK]]=3,"star",IF(MonthlyExpenses69[[#This Row],[RANK]]=4,"ticket",IF(MonthlyExpenses69[[#This Row],[RANK]]=5,"goldenticket",IF(MonthlyExpenses69[[#This Row],[RANK]]=6,"diamondgem",))))) -> x | E80: =IF(F80>2999,6,IF(F80 >1499,5,IF(F80>799,4,IF(F80>399,3,IF(F80>99,2,1))))) -> 1 | F80: ='RAW SCORE'!D69 -> 0 | G80: =REPT("|",K80/I80*100)&TEXT(K80/I80,"0%") -> 0% | I80: =IF(J80>2999,J80-1500,IF(J80>1499,J80-800,IF(J80>799,J80-400,IF(J80>399,J80-100,100)))) -> 100 | J80: =N80 -> 100 | K80: =IF(F80>2999,F80-3000,IF(F80>1499,F80-1500,IF(F80>799,F80-800,IF(F80>399,F80-400,IF(F80>99,F80-100,F80))))) -> 0 | L80: =(K80/I80)*100 -> 0 | M80: =(K80/I80)*1 -> 0 | N80: =IF(E108>5,5000,IF(E108 >4,3000,IF(E108>3,1500,IF(E108>2,800,IF(E108>1,400,100))))) -> 100 | O80: =IF(M80>=$P$10,M80," ") | P80: =IF(AND(M80<$P$10,M80>=$P$11),M80," ") | Q80: =IF(M80<$P$11,M80," ") -> 0 | R80: =MAX(1,M80)-M80 -> 1
A81: =IF(MonthlyExpenses69[[#This Row],[RANK]]<3,"x",IF(MonthlyExpenses69[[#This Row],[RANK]]=3,"star",IF(MonthlyExpenses69[[#This Row],[RANK]]=4,"ticket",IF(MonthlyExpenses69[[#This Row],[RANK]]=5,"goldenticket",IF(MonthlyExpenses69[[#This Row],[RANK]]=6,"diamondgem",))))) -> x | E81: =IF(F81>2999,6,IF(F81 >1499,5,IF(F81>799,4,IF(F81>399,3,IF(F81>99,2,1))))) -> 1 | F81: ='RAW SCORE'!D70 -> 0 | G81: =REPT("|",K81/I81*100)&TEXT(K81/I81,"0%") -> 0% | I81: =IF(J81>2999,J81-1500,IF(J81>1499,J81-800,IF(J81>799,J81-400,IF(J81>399,J81-100,100)))) -> 100 | J81: =N81 -> 100 | K81: =IF(F81>2999,F81-3000,IF(F81>1499,F81-1500,IF(F81>799,F81-800,IF(F81>399,F81-400,IF(F81>99,F81-100,F81))))) -> 0 | L81: =(K81/I81)*100 -> 0 | M81: =(K81/I81)*1 -> 0 | N81: =IF(E109>5,5000,IF(E109 >4,3000,IF(E109>3,1500,IF(E109>2,800,IF(E109>1,400,100))))) -> 100 | O81: =IF(M81>=$P$10,M81," ") | P81: =IF(AND(M81<$P$10,M81>=$P$11),M81," ") | Q81: =IF(M81<$P$11,M81," ") -> 0 | R81: =MAX(1,M81)-M81 -> 1
A82: =IF(MonthlyExpenses69[[#This Row],[RANK]]<3,"x",IF(MonthlyExpenses69[[#This Row],[RANK]]=3,"star",IF(MonthlyExpenses69[[#This Row],[RANK]]=4,"ticket",IF(MonthlyExpenses69[[#This Row],[RANK]]=5,"goldenticket",IF(MonthlyExpenses69[[#This Row],[RANK]]=6,"diamondgem",))))) -> x | E82: =IF(F82>2999,6,IF(F82 >1499,5,IF(F82>799,4,IF(F82>399,3,IF(F82>99,2,1))))) -> 1 | F82: ='RAW SCORE'!D71 -> 0 | G82: =REPT("|",K82/I82*100)&TEXT(K82/I82,"0%") -> 0% | I82: =IF(J82>2999,J82-1500,IF(J82>1499,J82-800,IF(J82>799,J82-400,IF(J82>399,J82-100,100)))) -> 100 | J82: =N82 -> 100 | K82: =IF(F82>2999,F82-3000,IF(F82>1499,F82-1500,IF(F82>799,F82-800,IF(F82>399,F82-400,IF(F82>99,F82-100,F82))))) -> 0 | L82: =(K82/I82)*100 -> 0 | M82: =(K82/I82)*1 -> 0 | N82: =IF(E110>5,5000,IF(E110 >4,3000,IF(E110>3,1500,IF(E110>2,800,IF(E110>1,400,100))))) -> 100 | O82: =IF(M82>=$P$10,M82," ") | P82: =IF(AND(M82<$P$10,M82>=$P$11),M82," ") | Q82: =IF(M82<$P$11,M82," ") -> 0 | R82: =MAX(1,M82)-M82 -> 1
A83: =IF(MonthlyExpenses69[[#This Row],[RANK]]<3,"x",IF(MonthlyExpenses69[[#This Row],[RANK]]=3,"star",IF(MonthlyExpenses69[[#This Row],[RANK]]=4,"ticket",IF(MonthlyExpenses69[[#This Row],[RANK]]=5,"goldenticket",IF(MonthlyExpenses69[[#This Row],[RANK]]=6,"diamondgem",))))) -> x | E83: =IF(F83>2999,6,IF(F83 >1499,5,IF(F83>799,4,IF(F83>399,3,IF(F83>99,2,1))))) -> 1 | F83: ='RAW SCORE'!D72 -> 0 | G83: =REPT("|",K83/I83*100)&TEXT(K83/I83,"0%") -> 0% | I83: =IF(J83>2999,J83-1500,IF(J83>1499,J83-800,IF(J83>799,J83-400,IF(J83>399,J83-100,100)))) -> 100 | J83: =N83 -> 100 | K83: =IF(F83>2999,F83-3000,IF(F83>1499,F83-1500,IF(F83>799,F83-800,IF(F83>399,F83-400,IF(F83>99,F83-100,F83))))) -> 0 | L83: =(K83/I83)*100 -> 0 | M83: =(K83/I83)*1 -> 0 | N83: =IF(E111>5,5000,IF(E111 >4,3000,IF(E111>3,1500,IF(E111>2,800,IF(E111>1,400,100))))) -> 100 | O83: =IF(M83>=$P$10,M83," ") | P83: =IF(AND(M83<$P$10,M83>=$P$11),M83," ") | Q83: =IF(M83<$P$11,M83," ") -> 0 | R83: =MAX(1,M83)-M83 -> 1
A84: =IF(MonthlyExpenses69[[#This Row],[RANK]]<3,"x",IF(MonthlyExpenses69[[#This Row],[RANK]]=3,"star",IF(MonthlyExpenses69[[#This Row],[RANK]]=4,"ticket",IF(MonthlyExpenses69[[#This Row],[RANK]]=5,"goldenticket",IF(MonthlyExpenses69[[#This Row],[RANK]]=6,"diamondgem",))))) -> x | E84: =IF(F84>2999,6,IF(F84 >1499,5,IF(F84>799,4,IF(F84>399,3,IF(F84>99,2,1))))) -> 1 | F84: ='RAW SCORE'!D73 -> 0 | G84: =REPT("|",K84/I84*100)&TEXT(K84/I84,"0%") -> 0% | I84: =IF(J84>2999,J84-1500,IF(J84>1499,J84-800,IF(J84>799,J84-400,IF(J84>399,J84-100,100)))) -> 100 | J84: =N84 -> 100 | K84: =IF(F84>2999,F84-3000,IF(F84>1499,F84-1500,IF(F84>799,F84-800,IF(F84>399,F84-400,IF(F84>99,F84-100,F84))))) -> 0 | L84: =(K84/I84)*100 -> 0 | M84: =(K84/I84)*1 -> 0 | N84: =IF(E112>5,5000,IF(E112 >4,3000,IF(E112>3,1500,IF(E112>2,800,IF(E112>1,400,100))))) -> 100 | O84: =IF(M84>=$P$10,M84," ") | P84: =IF(AND(M84<$P$10,M84>=$P$11),M84," ") | Q84: =IF(M84<$P$11,M84," ") -> 0 | R84: =MAX(1,M84)-M84 -> 1

Sheet RAW SCORE
C3: TEAM ALPHA | E3: RESULT | F3: 10 | G3: 10 | H3: 10 | I3: 10 | K3: 10 | L3: 10 | M3: 10 | O3: 10 | P3: 10 | S3: 0.3 | T3: 0.7 | U3: 1
D4: =R4 -> 0 | E4: =U4 -> 0 | J4: =SUM(F4:I4) -> 0 | N4: =SUM(K4:M4) -> 0 | Q4: =SUM(O4:P4) -> 0 | R4: =J4+(2*N4)+Q4 -> 0 | S4: =(R4/100)*30 -> 0 | U4: =S4+T4 -> 0
D5: =R5 -> 0 | E5: =U5 -> 0 | J5: =SUM(F5:I5) -> 0 | N5: =SUM(K5:M5) -> 0 | Q5: =SUM(O5:P5) -> 0 | R5: =J5+(2*N5)+Q5 -> 0 | S5: =(R5/100)*30 -> 0 | U5: =S5+T5 -> 0
D6: =R6 -> 0 | E6: =U6 -> 0 | J6: =SUM(F6:I6) -> 0 | N6: =SUM(K6:M6) -> 0 | Q6: =SUM(O6:P6) -> 0 | R6: =J6+(2*N6)+Q6 -> 0 | S6: =(R6/100)*30 -> 0 | U6: =S6+T6 -> 0
D7: =R7 -> 0 | E7: =U7 -> 0 | J7: =SUM(F7:I7) -> 0 | N7: =SUM(K7:M7) -> 0 | Q7: =SUM(O7:P7) -> 0 | R7: =J7+(2*N7)+Q7 -> 0 | S7: =(R7/100)*30 -> 0 | U7: =S7+T7 -> 0
D8: =R8 -> 0 | E8: =U8 -> 0 | J8: =SUM(F8:I8) -> 0 | N8: =SUM(K8:M8) -> 0 | Q8: =SUM(O8:P8) -> 0 | R8: =J8+(2*N8)+Q8 -> 0 | S8: =(R8/100)*30 -> 0 | U8: =S8+T8 -> 0
D9: =R9 -> 0 | E9: =U9 -> 0 | J9: =SUM(F9:I9) -> 0 | N9: =SUM(K9:M9) -> 0 | Q9: =SUM(O9:P9) -> 0 | R9: =J9+(2*N9)+Q9 -> 0 | S9: =(R9/100)*30 -> 0 | U9: =S9+T9 -> 0
D10: =R10 -> 0 | E10: =U10 -> 0 | J10: =SUM(F10:I10) -> 0 | N10: =SUM(K10:M10) -> 0 | Q10: =SUM(O10:P10) -> 0 | R10: =J10+(2*N10)+Q10 -> 0 | S10: =(R10/100)*30 -> 0 | U10: =S10+T10 -> 0
D11: =R11 -> 0 | E11: =U11 -> 0 | J11: =SUM(F11:I11) -> 0 | N11: =SUM(K11:M11) -> 0 | Q11: =SUM(O11:P11) -> 0 | R11: =J11+(2*N11)+Q11 -> 0 | S11: =(R11/100)*30 -> 0 | U11: =S11+T11 -> 0
D12: =R12 -> 0 | E12: =U12 -> 0 | J12: =SUM(F12:I12) -> 0 | N12: =SUM(K12:M12) -> 0 | Q12: =SUM(O12:P12) -> 0 | R12: =J12+(2*N12)+Q12 -> 0 | S12: =(R12/100)*30 -> 0 | U12: =S12+T12 -> 0
C13: TEAM BETA | D13: =R13 -> 0 | E13: =U13 -> 0 | J13: =SUM(F13:I13) -> 0 | N13: =SUM(K13:M13) -> 0 | Q13: =SUM(O13:P13) -> 0 | R13: =J13+(2*N13)+Q13 -> 0 | S13: =(R13/100)*30 -> 0 | U13: =S13+T13 -> 0
D14: =R14 -> 0 | E14: =U14 -> 0 | J14: =SUM(F14:I14) -> 0 | N14: =SUM(K14:M14) -> 0 | Q14: =SUM(O14:P14) -> 0 | R14: =J14+(2*N14)+Q14 -> 0 | S14: =(R14/100)*30 -> 0 | U14: =S14+T14 -> 0
D15: =R15 -> 0 | E15: =U15 -> 0 | J15: =SUM(F15:I15) -> 0 | N15: =SUM(K15:M15) -> 0 | Q15: =SUM(O15:P15) -> 0 | R15: =J15+(2*N15)+Q15 -> 0 | S15: =(R15/100)*30 -> 0 | U15: =S15+T15 -> 0
D16: =R16 -> 0 | E16: =U16 -> 0 | J16: =SUM(F16:I16) -> 0 | N16: =SUM(K16:M16) -> 0 | Q16: =SUM(O16:P16) -> 0 | R16: =J16+(2*N16)+Q16 -> 0 | S16: =(R16/100)*30 -> 0 | U16: =S16+T16 -> 0
D17: =R17 -> 0 | E17: =U17 -> 0 | J17: =SUM(F17:I17) -> 0 | N17: =SUM(K17:M17) -> 0 | Q17: =SUM(O17:P17) -> 0 | R17: =J17+(2*N17)+Q17 -> 0 | S17: =(R17/100)*30 -> 0 | U17: =S17+T17 -> 0
D18: =R18 -> 0 | E18: =U18 -> 0 | J18: =SUM(F18:I18) -> 0 | N18: =SUM(K18:M18) -> 0 | Q18: =SUM(O18:P18) -> 0 | R18: =J18+(2*N18)+Q18 -> 0 | S18: =(R18/100)*30 -> 0 | U18: =S18+T18 -> 0
D19: =R19 -> 0 | E19: =U19 -> 0 | J19: =SUM(F19:I19) -> 0 | N19: =SUM(K19:M19) -> 0 | Q19: =SUM(O19:P19) -> 0 | R19: =J19+(2*N19)+Q19 -> 0 | S19: =(R19/100)*30 -> 0 | U19: =S19+T19 -> 0
D20: =R20 -> 0 | E20: =U20 -> 0 | J20: =SUM(F20:I20) -> 0 | N20: =SUM(K20:M20) -> 0 | Q20: =SUM(O20:P20) -> 0 | R20: =J20+(2*N20)+Q20 -> 0 | S20: =(R20/100)*30 -> 0 | U20: =S20+T20 -> 0
D21: =R21 -> 0 | E21: =U21 -> 0 | J21: =SUM(F21:I21) -> 0 | N21: =SUM(K21:M21) -> 0 | Q21: =SUM(O21:P21) -> 0 | R21: =J21+(2*N21)+Q21 -> 0 | S21: =(R21/100)*30 -> 0 | U21: =S21+T21 -> 0
D22: =R22 -> 0 | E22: =U22 -> 0 | J22: =SUM(F22:I22) -> 0 | N22: =SUM(K22:M22) -> 0 | Q22: =SUM(O22:P22) -> 0 | R22: =J22+(2*N22)+Q22 -> 0 | S22: =(R22/100)*30 -> 0 | U22: =S22+T22 -> 0
C23: TEAM GAMMA | D23: =R23 -> 0 | E23: =U23 -> 0 | J23: =SUM(F23:I23) -> 0 | N23: =SUM(K23:M23) -> 0 | Q23: =SUM(O23:P23) -> 0 | R23: =J23+(2*N23)+Q23 -> 0 | S23: =(R23/100)*30 -> 0 | U23: =S23+T23 -> 0
D24: =R24 -> 0 | E24: =U24 -> 0 | J24: =SUM(F24:I24) -> 0 | N24: =SUM(K24:M24) -> 0 | Q24: =SUM(O24:P24) -> 0 | R24: =J24+(2*N24)+Q24 -> 0 | S24: =(R24/100)*30 -> 0 | U24: =S24+T24 -> 0
D25: =R25 -> 0 | E25: =U25 -> 0 | J25: =SUM(F25:I25) -> 0 | N25: =SUM(K25:M25) -> 0 | Q25: =SUM(O25:P25) -> 0 | R25: =J25+(2*N25)+Q25 -> 0 | S25: =(R25/100)*30 -> 0 | U25: =S25+T25 -> 0
D26: =R26 -> 0 | E26: =U26 -> 0 | J26: =SUM(F26:I26) -> 0 | N26: =SUM(K26:M26) -> 0 | Q26: =SUM(O26:P26) -> 0 | R26: =J26+(2*N26)+Q26 -> 0 | S26: =(R26/100)*30 -> 0 | U26: =S26+T26 -> 0
D27: =R27 -> 0 | E27: =U27 -> 0 | J27: =SUM(F27:I27) -> 0 | N27: =SUM(K27:M27) -> 0 | Q27: =SUM(O27:P27) -> 0 | R27: =J27+(2*N27)+Q27 -> 0 | S27: =(R27/100)*30 -> 0 | U27: =S27+T27 -> 0
D28: =R28 -> 0 | E28: =U28 -> 0 | J28: =SUM(F28:I28) -> 0 | N28: =SUM(K28:M28) -> 0 | Q28: =SUM(O28:P28) -> 0 | R28: =J28+(2*N28)+Q28 -> 0 | S28: =(R28/100)*30 -> 0 | U28: =S28+T28 -> 0
D29: =R29 -> 0 | E29: =U29 -> 0 | J29: =SUM(F29:I29) -> 0 | N29: =SUM(K29:M29) -> 0 | Q29: =SUM(O29:P29) -> 0 | R29: =J29+(2*N29)+Q29 -> 0 | S29: =(R29/100)*30 -> 0 | U29: =S29+T29 -> 0
D30: =R30 -> 0 | E30: =U30 -> 0 | J30: =SUM(F30:I30) -> 0 | N30: =SUM(K30:M30) -> 0 | Q30: =SUM(O30:P30) -> 0 | R30: =J30+(2*N30)+Q30 -> 0 | S30: =(R30/100)*30 -> 0 | U30: =S30+T30 -> 0
D31: =R31 -> 0 | E31: =U31 -> 0 | J31: =SUM(F31:I31) -> 0 | N31: =SUM(K31:M31) -> 0 | Q31: =SUM(O31:P31) -> 0 | R31: =J31+(2*N31)+Q31 -> 0 | S31: =(R31/100)*30 -> 0 | U31: =S31+T31 -> 0
D32: =R32 -> 0 | E32: =U32 -> 0 | J32: =SUM(F32:I32) -> 0 | N32: =SUM(K32:M32) -> 0 | Q32: =SUM(O32:P32) -> 0 | R32: =J32+(2*N32)+Q32 -> 0 | S32: =(R32/100)*30 -> 0 | U32: =S32+T32 -> 0
C33: TEAM DELTA | D33: =R33 -> 0 | E33: =U33 -> 0 | J33: =SUM(F33:I33) -> 0 | N33: =SUM(K33:M33) -> 0 | Q33: =SUM(O33:P33) -> 0 | R33: =J33+(2*N33)+Q33 -> 0 | S33: =(R33/100)*30 -> 0 | U33: =S33+T33 -> 0
D34: =R34 -> 0 | E34: =U34 -> 0 | J34: =SUM(F34:I34) -> 0 | N34: =SUM(K34:M34) -> 0 | Q34: =SUM(O34:P34) -> 0 | R34: =J34+(2*N34)+Q34 -> 0 | S34: =(R34/100)*30 -> 0 | U34: =S34+T34 -> 0
D35: =R35 -> 0 | E35: =U35 -> 0 | J35: =SUM(F35:I35) -> 0 | N35: =SUM(K35:M35) -> 0 | Q35: =SUM(O35:P35) -> 0 | R35: =J35+(2*N35)+Q35 -> 0 | S35: =(R35/100)*30 -> 0 | U35: =S35+T35 -> 0
D36: =R36 -> 0 | E36: =U36 -> 0 | J36: =SUM(F36:I36) -> 0 | N36: =SUM(K36:M36) -> 0 | Q36: =SUM(O36:P36) -> 0 | R36: =J36+(2*N36)+Q36 -> 0 | S36: =(R36/100)*30 -> 0 | U36: =S36+T36 -> 0
D37: =R37 -> 0 | E37: =U37 -> 0 | J37: =SUM(F37:I37) -> 0 | N37: =SUM(K37:M37) -> 0 | Q37: =SUM(O37:P37) -> 0 | R37: =J37+(2*N37)+Q37 -> 0 | S37: =(R37/100)*30 -> 0 | U37: =S37+T37 -> 0
D38: =R38 -> 0 | E38: =U38 -> 0 | J38: =SUM(F38:I38) -> 0 | N38: =SUM(K38:M38) -> 0 | Q38: =SUM(O38:P38) -> 0 | R38: =J38+(2*N38)+Q38 -> 0 | S38: =(R38/100)*30 -> 0 | U38: =S38+T38 -> 0
D39: =R39 -> 0 | E39: =U39 -> 0 | J39: =SUM(F39:I39) -> 0 | N39: =SUM(K39:M39) -> 0 | Q39: =SUM(O39:P39) -> 0 | R39: =J39+(2*N39)+Q39 -> 0 | S39: =(R39/100)*30 -> 0 | U39: =S39+T39 -> 0
D40: =R40 -> 0 | E40: =U40 -> 0 | J40: =SUM(F40:I40) -> 0 | N40: =SUM(K40:M40) -> 0 | Q40: =SUM(O40:P40) -> 0 | R40: =J40+(2*N40)+Q40 -> 0 | S40: =(R40/100)*30 -> 0 | U40: =S40+T40 -> 0
D41: =R41 -> 0 | E41: =U41 -> 0 | J41: =SUM(F41:I41) -> 0 | N41: =SUM(K41:M41) -> 0 | Q41: =SUM(O41:P41) -> 0 | R41: =J41+(2*N41)+Q41 -> 0 | S41: =(R41/100)*30 -> 0 | U41: =S41+T41 -> 0
D42: =R42 -> 0 | E42: =U42 -> 0 | J42: =SUM(F42:I42) -> 0 | N42: =SUM(K42:M42) -> 0 | Q42: =SUM(O42:P42) -> 0 | R42: =J42+(2*N42)+Q42 -> 0 | S42: =(R42/100)*30 -> 0 | U42: =S42+T42 -> 0
C43: TEAM EPSILON | D43: =R43 -> 0 | E43: =U43 -> 0 | J43: =SUM(F43:I43) -> 0 | N43: =SUM(K43:M43) -> 0 | Q43: =SUM(O43:P43) -> 0 | R43: =J43+(2*N43)+Q43 -> 0 | S43: =(R43/100)*30 -> 0 | U43: =S43+T43 -> 0
D44: =R44 -> 0 | E44: =U44 -> 0 | J44: =SUM(F44:I44) -> 0 | N44: =SUM(K44:M44) -> 0 | Q44: =SUM(O44:P44) -> 0 | R44: =J44+(2*N44)+Q44 -> 0 | S44: =(R44/100)*30 -> 0 | U44: =S44+T44 -> 0
D45: =R45 -> 0 | E45: =U45 -> 0 | J45: =SUM(F45:I45) -> 0 | N45: =SUM(K45:M45) -> 0 | Q45: =SUM(O45:P45) -> 0 | R45: =J45+(2*N45)+Q45 -> 0 | S45: =(R45/100)*30 -> 0 | U45: =S45+T45 -> 0
D46: =R46 -> 0 | E46: =U46 -> 0 | J46: =SUM(F46:I46) -> 0 | N46: =SUM(K46:M46) -> 0 | Q46: =SUM(O46:P46) -> 0 | R46: =J46+N46+Q46 -> 0 | S46: =(R46/100)*30 -> 0 | U46: =S46+T46 -> 0
D47: =R47 -> 0 | E47: =U47 -> 0 | J47: =SUM(F47:I47) -> 0 | N47: =SUM(K47:M47) -> 0 | Q47: =SUM(O47:P47) -> 0 | R47: =J47+N47+Q47 -> 0 | S47: =(R47/100)*30 -> 0 | U47: =S47+T47 -> 0
D48: =R48 -> 0 | E48: =U48 -> 0 | J48: =SUM(F48:I48) -> 0 | N48: =SUM(K48:M48) -> 0 | Q48: =SUM(O48:P48) -> 0 | R48: =J48+N48+Q48 -> 0 | S48: =(R48/100)*30 -> 0 | U48: =S48+T48 -> 0
D49: =R49 -> 0 | E49: =U49 -> 0 | J49: =SUM(F49:I49) -> 0 | N49: =SUM(K49:M49) -> 0 | Q49: =SUM(O49:P49) -> 0 | R49: =J49+N49+Q49 -> 0 | S49: =(R49/100)*30 -> 0 | U49: =S49+T49 -> 0
D50: =R50 -> 0 | E50: =U50 -> 0 | J50: =SUM(F50:I50) -> 0 | N50: =SUM(K50:M50) -> 0 | Q50: =SUM(O50:P50) -> 0 | R50: =J50+N50+Q50 -> 0 | S50: =(R50/100)*30 -> 0 | U50: =S50+T50 -> 0
D51: =R51 -> 0 | E51: =U51 -> 0 | J51: =SUM(F51:I51) -> 0 | N51: =SUM(K51:M51) -> 0 | Q51: =SUM(O51:P51) -> 0 | R51: =J51+N51+Q51 -> 0 | S51: =(R51/100)*30 -> 0 | U51: =S51+T51 -> 0
D52: =R52 -> 0 | E52: =U52 -> 0 | J52: =SUM(F52:I52) -> 0 | N52: =SUM(K52:M52) -> 0 | Q52: =SUM(O52:P52) -> 0 | R52: =J52+N52+Q52 -> 0 | S52: =(R52/100)*30 -> 0 | U52: =S52+T52 -> 0
C53: TEAM OMICRON | D53: =R53 -> 0 | E53: =U53 -> 0 | J53: =SUM(F53:I53) -> 0 | N53: =SUM(K53:M53) -> 0 | Q53: =SUM(O53:P53) -> 0 | R53: =J53+N53+Q53 -> 0 | S53: =(R53/100)*30 -> 0 | U53: =S53+T53 -> 0
D54: =R54 -> 0 | E54: =U54 -> 0 | J54: =SUM(F54:I54) -> 0 | N54: =SUM(K54:M54) -> 0 | Q54: =SUM(O54:P54) -> 0 | R54: =J54+N54+Q54 -> 0 | S54: =(R54/100)*30 -> 0 | U54: =S54+T54 -> 0
D55: =R55 -> 0 | E55: =U55 -> 0 | J55: =SUM(F55:I55) -> 0 | N55: =SUM(K55:M55) -> 0 | Q55: =SUM(O55:P55) -> 0 | R55: =J55+N55+Q55 -> 0 | S55: =(R55/100)*30 -> 0 | U55: =S55+T55 -> 0
D56: =R56 -> 0 | E56: =U56 -> 0 | J56: =SUM(F56:I56) -> 0 | N56: =SUM(K56:M56) -> 0 | Q56: =SUM(O56:P56) -> 0 | R56: =J56+N56+Q56 -> 0 | S56: =(R56/100)*30 -> 0 | U56: =S56+T56 -> 0
D57: =R57 -> 0 | E57: =U57 -> 0 | J57: =SUM(F57:I57) -> 0 | N57: =SUM(K57:M57) -> 0 | Q57: =SUM(O57:P57) -> 0 | R57: =J57+N57+Q57 -> 0 | S57: =(R57/100)*30 -> 0 | U57: =S57+T57 -> 0
D58: =R58 -> 0 | E58: =U58 -> 0 | J58: =SUM(F58:I58) -> 0 | N58: =SUM(K58:M58) -> 0 | Q58: =SUM(O58:P58) -> 0 | R58: =J58+N58+Q58 -> 0 | S58: =(R58/100)*30 -> 0 | U58: =S58+T58 -> 0
D59: =R59 -> 0 | E59: =U59 -> 0 | J59: =SUM(F59:I59) -> 0 | N59: =SUM(K59:M59) -> 0 | Q59: =SUM(O59:P59) -> 0 | R59: =J59+N59+Q59 -> 0 | S59: =(R59/100)*30 -> 0 | U59: =S59+T59 -> 0
D60: =R60 -> 0 | E60: =U60 -> 0 | J60: =SUM(F60:I60) -> 0 | N60: =SUM(K60:M60) -> 0 | Q60: =SUM(O60:P60) -> 0 | R60: =J60+N60+Q60 -> 0 | S60: =(R60/100)*30 -> 0 | U60: =S60+T60 -> 0
D61: =R61 -> 0 | E61: =U61 -> 0 | J61: =SUM(F61:I61) -> 0 | N61: =SUM(K61:M61) -> 0 | Q61: =SUM(O61:P61) -> 0 | R61: =J61+N61+Q61 -> 0 | S61: =(R61/100)*30 -> 0 | U61: =S61+T61 -> 0
D62: =R62 -> 0 | E62: =U62 -> 0 | J62: =SUM(F62:I62) -> 0 | N62: =SUM(K62:M62) -> 0 | Q62: =SUM(O62:P62) -> 0 | R62: =J62+N62+Q62 -> 0 | S62: =(R62/100)*30 -> 0 | U62: =S62+T62 -> 0
C63: TEAM OMEGA | D63: =R63 -> 0 | E63: =U63 -> 0 | J63: =SUM(F63:I63) -> 0 | N63: =SUM(K63:M63) -> 0 | Q63: =SUM(O63:P63) -> 0 | R63: =J63+N63+Q63 -> 0 | S63: =(R63/100)*30 -> 0 | U63: =S63+T63 -> 0
D64: =R64 -> 0 | E64: =U64 -> 0 | J64: =SUM(F64:I64) -> 0 | N64: =SUM(K64:M64) -> 0 | Q64: =SUM(O64:P64) -> 0 | R64: =J64+N64+Q64 -> 0 | S64: =(R64/100)*30 -> 0 | U64: =S64+T64 -> 0
D65: =R65 -> 0 | E65: =U65 -> 0 | J65: =SUM(F65:I65) -> 0 | N65: =SUM(K65:M65) -> 0 | Q65: =SUM(O65:P65) -> 0 | R65: =J65+N65+Q65 -> 0 | S65: =(R65/100)*30 -> 0 | U65: =S65+T65 -> 0
D66: =R66 -> 0 | E66: =U66 -> 0 | J66: =SUM(F66:I66) -> 0 | N66: =SUM(K66:M66) -> 0 | Q66: =SUM(O66:P66) -> 0 | R66: =J66+N66+Q66 -> 0 | S66: =(R66/100)*30 -> 0 | U66: =S66+T66 -> 0
D67: =R67 -> 0 | E67: =U67 -> 0 | J67: =SUM(F67:I67) -> 0 | N67: =SUM(K67:M67) -> 0 | Q67: =SUM(O67:P67) -> 0 | R67: =J67+N67+Q67 -> 0 | S67: =(R67/100)*30 -> 0 | U67: =S67+T67 -> 0
D68: =R68 -> 0 | E68: =U68 -> 0 | J68: =SUM(F68:I68) -> 0 | N68: =SUM(K68:M68) -> 0 | Q68: =SUM(O68:P68) -> 0 | R68: =J68+N68+Q68 -> 0 | S68: =(R68/100)*30 -> 0 | U68: =S68+T68 -> 0
D69: =R69 -> 0 | E69: =U69 -> 0 | J69: =SUM(F69:I69) -> 0 | N69: =SUM(K69:M69) -> 0 | Q69: =SUM(O69:P69) -> 0 | R69: =J69+N69+Q69 -> 0 | S69: =(R69/100)*30 -> 0 | U69: =S69+T69 -> 0
D70: =R70 -> 0 | E70: =U70 -> 0 | J70: =SUM(F70:I70) -> 0 | N70: =SUM(K70:M70) -> 0 | Q70: =SUM(O70:P70) -> 0 | R70: =J70+N70+Q70 -> 0 | S70: =(R70/100)*30 -> 0 | U70: =S70+T70 -> 0
D71: =R71 -> 0 | E71: =U71 -> 0 | J71: =SUM(F71:I71) -> 0 | N71: =SUM(K71:M71) -> 0 | Q71: =SUM(O71:P71) -> 0 | R71: =J71+N71+Q71 -> 0 | S71: =(R71/100)*30 -> 0 | U71: =S71+T71 -> 0
D72: =R72 -> 0 | E72: =U72 -> 0 | J72: =SUM(F72:I72) -> 0 | N72: =SUM(K72:M72) -> 0 | Q72: =SUM(O72:P72) -> 0 | R72: =J72+N72+Q72 -> 0 | S72: =(R72/100)*30 -> 0 | U72: =S72+T72 -> 0
D73: =R73 -> 0 | E73: =U73 -> 0 | J73: =SUM(F73:I73) -> 0 | N73: =SUM(K73:M73) -> 0 | Q73: =SUM(O73:P73) -> 0 | R73: =J73+N73+Q73 -> 0 | S73: =(R73/100)*30 -> 0 | U73: =S73+T73 -> 0
E74: =U74 -> 0 | J74: =SUM(F74:I74) -> 0 | N74: =SUM(K74:M74) -> 0 | Q74: =SUM(O74:P74) -> 0 | R74: =J74+N74+Q74 -> 0 | S74: =(R74/100)*30 -> 0 | U74: =S74+T74 -> 0
J75: =SUM(F75:I75) -> 0 | N75: =SUM(K75:M75) -> 0 | Q75: =SUM(O75:P75) -> 0 | R75: =J75+N75+Q75 -> 0 | S75: =(R75/100)*30 -> 0 | U75: =S75+T75 -> 0

Sheet Chart Data
B2: CHART DATA
B4: =MIN(1,1-B5) -> #REF!
B5: =MIN(TotalMonthlyExpenses/TotalMonthlyIncome,1) -> #REF!
B6: =(TotalMonthlyExpenses/TotalMonthlyIncome)>1 -> #REF!
